hsaId,name,ownership,isFamiljecentral,address,phone,lat,lon,lanCode,kommunCode,kommungrupp,unitCode,spark_startYear,spark_endYear,spark_weightedDemand,spark_rj,spark_children05,url_1177,coord_source,spark_verify_1177,fetched_at
SE2321000016-4HS6,SLSO Solna barnavårdscentral,Region,False,"Hotellgatan 3, Solna",08-123 409 00,59.3588611,17.9999939,01,0184,A,01_16104009001,2024,2024,15015,6.7e-05,2529,https://www.1177.se/hitta-vard/kontaktkort/Solna-BVC/,1177_hsa_2026-07-21,live_2026-07-21,2026-08-26
SE2321000016-1570,SLSO Kallhälls barnavårdscentral,Region,True,"Kopparvägen 2B, Järfälla",08-123 409 10,59.4547593,17.8084891,01,0123,A,01_16138009M01,2023,2024,3251,0.000308,1191,https://www.1177.se/hitta-vard/kontaktkort/Kallhalls-BVC/,1177_hsa_2026-07-21,live_2026-07-21,2026-08-26
SE2321000016-3B0X,(Haninge)Jordbro vårdcentral,Region,True,"Rudsjöterrassen 1, Handen",08-123 368 70,59.1661975,18.1352453,01,0136,A,01_11335009000,2021,2023,2747,0.000364,4395,https://www.1177.se/hitta-vard/kontaktkort/Haninge-BVC/,,live_2026-07-21,2026-08-26
SE2321000016-130M,Capio Bro VC,Privat,True,"Bro Centrum 41, BRO",08-120 010 51,59.5154238,17.6438209,01,0139,A,01_16103009000,2022,2023,1966,0.000509,1188,https://www.1177.se/hitta-vard/kontaktkort/Barnvardcentralen-Capio-Vardcentral-Bro/,,live_2026-07-21,2026-08-26
SE2321000016-67LH,Märsta Närvård,Privat,False,"Cederströms slinga 17, ARLANDASTAD",08-122 040 32,59.6080474,17.8975798,01,0191,A,01_16109009100,2019,2023,3819,0.000262,287,https://www.1177.se/hitta-vard/kontaktkort/Din-Doktor-BVC-Marsta/,1177_hsa_2026-07-21,live_2026-07-21,2026-08-26
SE2321000016-154M,(Rissne) Hallonbergens vårdcentral,Region,False,"Kavallerivägen 24, Sundbyberg",08-123 369 41,59.3756581,17.94125,01,0183,A,01_16147009000,2018,2023,4072,0.000246,4831,https://www.1177.se/hitta-vard/kontaktkort/Rissne-BVC/,1177_hsa_2026-07-21,live_2026-07-21,2026-08-26
SE2321000016-54BM,Kista vårdcentral,Region,True,"Gullfossgatan 1C, KISTA",08-506 490 58,59.4039574,17.9475217,01,0180,A,01_17106009000,2018,2023,15363,6.5e-05,1326,https://www.1177.se/hitta-vard/kontaktkort/Mama-Mia-Kista-BVC/,1177_hsa_2026-07-21,live_2026-07-21,2026-08-26
SE2321000016-161N,Hässelby vårdcentral,Region,False,"Hässelby torg 20, Hässelby",08-123 428 97,59.3682272,17.8432349,01,0180,A,01_17118009000,2018,2023,7694,0.00013,2295,https://www.1177.se/hitta-vard/kontaktkort/Hasselby-BVC/,,live_2026-07-21,2026-08-26
SE2321000016-107K,Råcksta Vällingby Närvårdsmottagning,Region,True,"Vällingby torg 6, Vällingby",08-123 428 79,59.3622658,17.8731303,01,0180,A,01_17198009000,2021,2023,9985,0.0001,2162,https://www.1177.se/hitta-vard/kontaktkort/Vallingby-BVC/,,live_2026-07-21,2026-08-26
SE2321000016-160K,Rinkeby vårdcentral,Region,True,"Skårbygränd 3, Spånga",08-123 399 08,59.3887265,17.9275757,01,0180,A,01_17201009000,2013,2023,12711,7.9e-05,2504,https://www.1177.se/hitta-vard/kontaktkort/Rinkeby-BVC/,,live_2026-07-21,2026-08-26
SE2321000016-161K,Spånga vårdcentral,Region,True,"Solhems hagväg 10, Spånga",08-123 427 82,59.3879754,17.9031196,01,0180,A,01_17230009000,2019,2023,9233,0.000108,514,https://www.1177.se/hitta-vard/kontaktkort/Spanga-Tensta-BVC/,,live_2026-07-21,2026-08-26
SE2321000016-D0LV,"Björkhagens husläkarmottagning, Enskede/Årsta/Vantör",Privat,False,"Halmstadsvägen 41, JOHANNESHOV",08-409 158 14,59.2902933,18.1174617,01,0180,A,01_18105009200,2020,2023,11917,8.4e-05,1059,https://www.1177.se/hitta-vard/kontaktkort/Mama-Mia-Bjorkhagens-BVC/,,live_2026-07-21,2026-08-26
SE2321000016-GF86,Capio Farsta BHV,Privat,True,"Farstagången 26B, FARSTA",08-604 00 07,59.242026,18.0902368,01,0180,A,01_18140009000,2022,2023,11611,8.6e-05,3232,https://www.1177.se/hitta-vard/kontaktkort/Capio-BVC-Farsta-amningsmottagning/,1177_hsa_2026-07-21,live_2026-07-21,2026-08-26
SE2321000016-14HX,Fisksätra vårdcentral,Region,True,"Fisksätra torg 20, Saltsjöbaden",08-123 429 40,59.2934252,18.2572792,01,0182,A,01_18150009000,2020,2023,3361,0.000297,573,https://www.1177.se/hitta-vard/kontaktkort/Fisksatra-BVC/,,live_2026-07-21,2026-08-26
SE2321000016-502N,Capio Vårdcentral Rågsved,Privat,True,"Rågsvedsslingan 12B, BANDHAGEN",08-555 680 71,59.2573869,18.0266406,01,0180,A,01_18167009000,2018,2023,11823,8.5e-05,1907,https://www.1177.se/hitta-vard/kontaktkort/Capio-Barnavardscentral-Ragsved/,,live_2026-07-21,2026-08-26
SE2321000016-14H7,Skärholmens vårdcentral,Region,False,"Storholmsgatan 27, Skärholmen",08-123 417 60,59.2741973,17.9082096,01,0180,A,01_19101009000,2018,2023,11567,8.6e-05,643,https://www.1177.se/hitta-vard/kontaktkort/Skarholmens-BVC-Skarholmens-vardcentral/,1177_hsa_2026-07-21,live_2026-07-21,2026-08-26
SE2321000016-14L4,Vårby vårdcentral,Region,True,"Vårby allé 14, Vårby",08-123 388 17,59.2637232,17.8849746,01,0126,A,01_19108009000,2020,2023,8685,0.000115,1813,https://www.1177.se/hitta-vard/kontaktkort/Varby-BVC-Varby-vardcentral/,1177_hsa_2026-07-21,live_2026-07-21,2026-08-26
,Flemingsbergs vårdcentral,Region,False,,,59.357337,17.9769294,01,0184,A,01_19123009000,2019,2023,13037,7.7e-05,1106,,,,2026-08-26
SE2321000016-14MK,Fittja vårdcentral,Region,True,"Fittja torg 31, Norsborg",08-123 428 25,59.2486126,17.8616853,01,0127,A,01_19144009000,2022,2023,7694,0.00013,658,https://www.1177.se/hitta-vard/kontaktkort/Fittja-BVC-Fittja-vardcentral/,1177_hsa_2026-07-21,live_2026-07-21,2026-08-26
SE2321000016-11G6,Capio Wasa BHV,Privat,True,"Prästgårdsvägen 4, SÖDERTÄLJE",08-550 288 20,59.195289,17.5853312,01,0181,B,01_19166009000,2016,2023,1939,0.000516,1093,https://www.1177.se/hitta-vard/kontaktkort/Capio-Barnavardscentral-Wasa-Sodertalje/,,live_2026-07-21,2026-08-26
SE2321000164-10GF,Mikaeli vårdcentral,Region,False,"Familjecentralen, Hjalmar Bergmans väg 50 703 59 Örebro",019-602 48 00,59.2882113,15.1990181,18,1880,B,18_SE2321000164-7381037594964,2019,2023,6103,0.000164,231,https://www.1177.se/hitta-vard/kontaktkort/Barnavardscentralen-BVC-Mikaeli-vardcentral/,,live_2026-07-21,2026-08-26
SE2321000131-F000000000642,Capio Läkarhus Angered,Privat,False,"Kultivatorgatan 3, 424 65, Angered",031-722 11 80,57.797574,12.0490538,14,1480,A,14_SE2321000131-E000000007635,2020,2023,10236,9.8e-05,1223,https://www.1177.se/hitta-vard/kontaktkort/BVC-Capio-Vardcentral-Angered-Angered/,1177_hsa_2026-07-21,live_2026-07-21,2026-08-26
SE2321000131-F000000000601,Capio Läkarhus Hjortmossen,Privat,False,"Lasarettsvägen 2, 461 52, Trollhättan",0520-47 45 00,58.2737137,12.2902642,14,1488,B,14_SE2321000131-E000000007513,2018,2023,4126,0.000242,618,https://www.1177.se/hitta-vard/kontaktkort/BVC-Capio-Vardcentral-Hjortmossen-Trollhattan/,,live_2026-07-21,2026-08-26
SE2321000131-E000000006731,Närhälsan Hjällbo vårdcentral,Region,True,"Bergsgårdsgärdet 89 B, 42432, Angered",,57.7689273,12.0191203,14,1480,A,14_SE2321000131-E000000006731,2019,2023,14914,6.7e-05,1357,https://www.1177.se/hitta-vard/kontaktkort/Narhalsan-Hjallbo-vardcentral-Angered/,,live_2026-07-21,2026-08-26
SE2321000131-E000000006726,Närhälsan Lövgärdet vårdcentral,Region,True,"Vaniljgatan 28, 42445, Angered",,57.8159777,12.0417314,14,1480,A,14_SE2321000131-E000000006726,2019,2023,7777,0.000129,1200,https://www.1177.se/hitta-vard/kontaktkort/Narhalsan-Lovgardet-vardcentral-Angered/,1177_hsa_2026-07-21,live_2026-07-21,2026-08-26
SE2321000131-F000000001302,Närhälsan Opaltorget vårdcentral,Region,True,"Zirkongatan 7, 421 64, Västra Frölunda",031-747 83 90,57.6422021,11.8993818,14,1480,A,14_SE2321000131-E000000006713,2019,2023,12761,7.8e-05,1162,https://www.1177.se/hitta-vard/kontaktkort/Narhalsan-Opaltorget-barnavardscentral-Vastra-Frolunda/,1177_hsa_2026-07-21,live_2026-07-21,2026-08-26
SE162321000255-O17550,Barnavårdscentralen Perstorp,Region,True,"Stockholmsvägen 40, Perstorp",0435-66 63 30,56.1382297,13.4022715,12,1275,,12_SE162321000255-O17550,2020,2022,1033,0.000967,449,https://www.1177.se/hitta-vard/kontaktkort/Barnavardscentralen-Perstorp/,,live_2026-07-21,2026-08-26
SE162321000255-O17532,Barnavårdscentralen Familjecentralen Samovaren,Region,True,"Svenshögsvägen 6, Arlöv",040-623 41 00,55.6345471,13.0854687,12,1231,,12_SE162321000255-O17532,2020,2022,14148,7.1e-05,821,https://www.1177.se/hitta-vard/kontaktkort/Barnavardscentralen-Familjecentralen-Samovaren-Arlov/,,live_2026-07-21,2026-08-26
SE162321000255-O17549,Barnavårdscentralen Osby,Region,True,"Marklundavägen 8E, Osby",0479-89 84 11,56.3827288,14.0081767,12,1273,,12_SE162321000255-O17549,2020,2022,1618,0.000618,275,https://www.1177.se/hitta-vard/kontaktkort/Barnavardscentralen-Osby/,,live_2026-07-21,2026-08-26
SE162321000255-O17544,Vårdcentralen Knislinge,Region,False,"Påls väg 2, Knislinge",044-309 03 38,56.1929175,14.0886479,12,1256,B,12_SE162321000255-O17544,2019,2022,1438,0.000695,522,https://www.1177.se/hitta-vard/kontaktkort/Barnavardscentralen-Knislinge/,,live_2026-07-21,2026-08-26
SE162321000255-O17538,Barnavårdscentralen Dalby,Region,False,,,55.6636248,13.3508141,12,1281,,12_SE162321000255-O17538,2020,2022,6390,0.000156,572,,,no_live_card_2026-07-21,2026-08-26
SE162321000255-O17552,Barnavårdscentralen Familjecentralen Paletten,Region,True,"Bråhögsplatsen 2A, Staffanstorp",046-275 18 00,55.643261,13.204666,12,1230,,12_SE162321000255-O17552,2020,2022,7903,0.000127,179,https://www.1177.se/hitta-vard/kontaktkort/Barnavardscentralen-Familjecentralen-Paletten/,,live_2026-07-21,2026-08-26
SE162321000255-O17553,Barnavårdscentralen Svalöv,Region,True,"Skolgatan 20C, Svalöv",0418-65 15 85,55.9203478,13.1089126,12,1214,,12_SE162321000255-O17553,2020,2022,588,0.0017,722,https://www.1177.se/hitta-vard/kontaktkort/Barnavardscentralen-Svalov/,1177_hsa_2026-07-21,live_2026-07-21,2026-08-26
SE162321000255-O17571,Barnavårdscentralen Eden,Region,True,"Möllevångsgatan 24, Malmö",040-623 91 21,55.5933899,13.0043281,12,1280,,12_SE162321000255-O17571,2020,2022,16934,5.9e-05,334,https://www.1177.se/hitta-vard/kontaktkort/Barnavardscentralen-Eden/,,live_2026-07-21,2026-08-26
SE162321000255-O17577,Barnavårdscentralen Grankotten,Region,True,"Grangatan 11, Malmö",040-623 42 18,55.6041967,13.024749,12,1280,,12_SE162321000255-O17577,2020,2022,17050,5.9e-05,552,https://www.1177.se/hitta-vard/kontaktkort/Barnavardscentralen-Grankotten/,,live_2026-07-21,2026-08-26
SE162321000255-O17591,Barnavårdscentralen Lunden,Region,False,"Fagerstagatan 1B, Malmö",040-623 93 69,55.5881652,13.0210312,12,1280,A,12_SE162321000255-O17591,2020,2022,17593,5.7e-05,576,https://www.1177.se/hitta-vard/kontaktkort/Barnavardscentralen-Lunden/,,live_2026-07-21,2026-08-26
SE162321000255-O17596,Barnavårdscentralen Näsby,Region,True,"Näsbychaussén 70, Kristianstad",044-309 01 24,56.0554244,14.1591685,12,1290,,12_SE162321000255-O17596,2020,2022,2935,0.000341,1173,https://www.1177.se/hitta-vard/kontaktkort/Barnavardscentralen-Nasby/,,live_2026-07-21,2026-08-26
SE162321000255-O17603,Barnavårdscentralen Solstrålen,Region,True,"Von Troils väg 8B, Malmö",040-623 42 70,55.5854503,13.0508083,12,1280,,12_SE162321000255-O17603,2020,2022,17280,5.8e-05,0,https://www.1177.se/hitta-vard/kontaktkort/Barnavardscentralen-Solstralen/,,live_2026-07-21,2026-08-26
SE162321000255-O17557,Capio Barnavårdscentral Tomelilla,Privat,True,"Skolgatan 4, Tomelilla",0417-49 78 22,55.5476408,13.9437552,12,1270,,12_SE162321000255-O17982,2020,2022,2317,0.000431,635,https://www.1177.se/hitta-vard/kontaktkort/Barnavardscentralen-Tomelilla/,1177_hsa_2026-07-21,live_2026-07-21,2026-08-26
SE162321000255-O17976,Familjernas Hus Höllviken - BVC Näsets Läkargrupp,Privat,True,"Kungstorpsvägen 10, Höllviken",040-45 96 42,55.4262915,12.9647823,12,1233,,12_SE162321000255-O17976,2020,2022,2734,0.000366,1292,https://www.1177.se/hitta-vard/kontaktkort/Familjernas-Hus-Hollviken-BVC-Nasets-Lakargrupp-Hollviken/,1177_hsa_2026-07-21,live_2026-07-21,2026-08-26
SE162321000255-O17673,Mama Mia Livets BVC,Privat,False,"Hamngatan 9, Trelleborg",0410-30 13 92,55.3729964,13.153945,12,1287,,12_SE162321000255-O17673,2020,2022,1635,0.000611,170,https://www.1177.se/hitta-vard/kontaktkort/Barnavardscentralen-Mama-Mia-Livets-Trelleborg-Trelleborg/,,live_2026-07-21,2026-08-26
SE162321000255-O17646,Barnavårdscentralen Sjöbo,Region,True,"Björkvägen 3, Sjöbo",0416-49 77 00,55.6261801,13.7007977,12,1265,,12_SE162321000255-O17646,2020,2022,986,0.001013,823,https://www.1177.se/hitta-vard/kontaktkort/Barnavardscentralen-Sjobo/,,live_2026-07-21,2026-08-26
SE162321000255-O17644,Barnavårdscentralen Tellus,Region,True,"Titangatan 10, Landskrona",0418-65 14 78,55.8881076,12.84248,12,1282,,12_SE162321000255-O17644,2019,2022,3989,0.000251,987,https://www.1177.se/hitta-vard/kontaktkort/Barnavardscentralen-Tellus/,1177_hsa_2026-07-21,live_2026-07-21,2026-08-26
SE162321000255-O17642,Barnavårdscentralen Ystad,Region,False,"Hamngatan 4, Ystad",0411-99 58 10,55.4287251,13.8210916,12,1286,,12_SE162321000255-O17642,2020,2022,2405,0.000416,286,https://www.1177.se/hitta-vard/kontaktkort/Barnavardscentralen-Ystad/,,live_2026-07-21,2026-08-26
SE162321000255-O19536,Barnavårdscentralen Familjecentralen Bjuv,Region,False,"Norra Storgatan 10C, Bjuv",070-970 08 03,56.0864385,12.9161626,12,1260,,12_SE162321000255-O17633,2020,2022,6469,0.000155,1077,https://www.1177.se/hitta-vard/kontaktkort/Mama-Mia-BVC-Bjuv/,1177_hsa_2026-07-21,live_2026-07-21,2026-08-26
SE162321000255-O17619,Barnavårdscentralen Östermalm,Region,False,"Österlånggatan 30B, Kristianstad",044-309 00 50,56.0302625,14.1617483,12,1290,,12_SE162321000255-O17619,2020,2022,3083,0.000324,598,https://www.1177.se/hitta-vard/kontaktkort/Barnavardscentralen-Ostermalm/,1177_hsa_2026-07-21,live_2026-07-21,2026-08-26
SE162321000255-O23357,Mama Mia BVC Adolfsberg Helsingborg,Privat,False,"Rundgången 26, Helsingborg",042-21 00 01,56.0637901,12.7108014,12,1283,,12_SE162321000255-O27405,2020,2022,9462,0.000106,663,https://www.1177.se/hitta-vard/kontaktkort/Kulans-BVC-Helsingborg/,,live_2026-07-21,2026-08-26
SE162321000255-O20637,Helsingborgs Barnavårdscentral,Privat,True,"Nedre nytorgsgatan 13, Helsingborg",042-12 91 10,56.0388287,12.7037573,12,1283,,12_SE162321000255-O20637,2020,2022,8798,0.000114,1310,https://www.1177.se/hitta-vard/kontaktkort/Helsingborgs-Barnavardscentral/,,live_2026-07-21,2026-08-26
SE162321000255-O24440,BVC Bambino Lindängen,Privat,True,"Lindängsstigen 14, Malmö",040-618 88 15,55.5596175,13.0167191,12,1280,,12_SE162321000255-O24440,2019,2022,15825,6.3e-05,769,https://www.1177.se/hitta-vard/kontaktkort/BVC-Bambino-Lindangen-Malmo/,,live_2026-07-21,2026-08-26
SE162321000255-O19869,Doktor se Örestadsklinikens Barnavårdscentral,Privat,False,"Eddagatan 4, Malmö",040-16 32 00,55.5856861,12.9709651,12,1280,,12_SE162321000255-O19869,2020,2022,14710,6.8e-05,923,https://www.1177.se/hitta-vard/kontaktkort/Doktor-se-Orestadsklinikens-Barnavardscentral-Malmo/,,live_2026-07-21,2026-08-26
SE2321000164-10GR,BVC Varberga,Region,False,"Varbergagatan 75, Örebro, Entré B (följ orange skylt mot BVC), våning 2.",019-602 29 75,59.2866063,15.1804542,18,1880,B,18_SE2321000164-7381037594896,2019,2022,6762,0.000148,1522,https://www.1177.se/hitta-vard/kontaktkort/Barnavardscentralen-BVC-Varberga-vardcentral/,1177_hsa_2026-07-21,live_2026-07-21,2026-08-26
SE2321000131-F000000000639,Nötkärnan Friskväderstorget Vårdcentral och BVC,Privat,True,"Friskväderstorget 8, 418 38, Göteborg",031-792 87 00,57.7248903,11.8924714,14,1480,A,14_SE2321000131-E000000007631,2019,2021,14682,6.8e-05,1896,https://www.1177.se/hitta-vard/kontaktkort/BVC-Notkarnan-Friskvadertorget-Familjelakare-och-BVC-Biskopsgarden/,,live_2026-07-21,2026-08-26
SE2321000164-10G1,Kopparbergs vårdcentral,Region,False,"Bergmästaregatan 17, Kopparberg",0580-887 02,59.8746761,15.002517,18,1864,,18_SE2321000164-7381037595237,2019,2021,572,0.001747,185,https://www.1177.se/hitta-vard/kontaktkort/Barnavardscentralen-BVC-Kopparbergs-vardcentral-Kopparberg/,1177_hsa_2026-07-21,live_2026-07-21,2026-08-26
SE162321000024-0054339,"Barnavårdscentral Flogsta vårdcentral, Uppsala",Region,False,"Herrhagsvägen 187, Uppsala",018-617 00 10,59.850996,17.5596529,03,0380,,03_SE162321000024-0054339,,,5693,0.000176,964,https://www.1177.se/hitta-vard/kontaktkort/Barnavardscentral-Stenhagens-vardcentral/,,live_2026-07-21,2026-08-26
SE162321000024-0023160,"Barnavårdscentral Heby vårdcentral, Heby",Region,False,"Brogatan 16, Heby",018-611 07 50,59.9420295,16.8609295,03,0331,,03_SE162321000024-0023160,,,1362,0.000734,233,https://www.1177.se/hitta-vard/kontaktkort/Barnavardscentral-Heby-vardcentral-Heby/,,live_2026-07-21,2026-08-26
SE2321000198-054424,Barnavårdscentral Södertull Din hälsocentral,Region,False,"Kaserngatan 48, 802 53 Gävle",026-15 55 31,60.6664812,17.1495721,21,2180,,21_SE2321000198-054424,,,4586,0.000218,797,https://www.1177.se/hitta-vard/kontaktkort/Barnavardscentral-Sodertull-Din-halsocentral/,,live_2026-07-21,2026-08-26
SE2321000032-43NQ,Barnavårdscentralen Familjecentralen Centrum Flen,Region,False,Storgatan 21,0157-185 25,59.057961,16.5786665,04,0482,,04_SE2321000032-43NQ,,,838,0.001193,122,https://www.1177.se/hitta-vard/kontaktkort/Barnavardscentralen-Familjecentralen-Flen-Flen/,,live_2026-07-21,2026-08-26
SE2321000032-4BS3,"Barnavårdscentralen Familjecentralen Vårdcentralen City, Vårdcentralen City Eskilstuna, Region Sörmland",Unknown,False,Kungsgatan 39,016-10 40 47,59.3717104,16.5072299,04,0484,,04_SE2321000032-4BS3,,,3472,0.000288,89,https://www.1177.se/hitta-vard/kontaktkort/Barnavardscentralen-Vardcentralen-City-Eskilstuna-Region-Sormland/,1177_hsa_2026-07-21,live_2026-07-21,2026-08-26
SE162321000156-4B0R,Barnavårdscentralen Västerstrand Karlstad,Region,False,"Våxnäs Torg 4, Karlstad",010-831 87 32,59.3860116,13.4625088,17,1780,,17_SE162321000156-4B0R,,,5102,0.000196,957,https://www.1177.se/hitta-vard/kontaktkort/Barnavardscentralen-Vasterstrand-Karlstad/,,live_2026-07-21,2026-08-26
SE2321000057-9TZW,Barnhälsovården Rosenlund,Privat,True,"Familjecentralen, Hermansvägen 5, Jönköping",010-243 49 80,57.778325,14.2069818,06,0680,,06_SE2321000057-9TZW,,,2382,0.00042,882,https://www.1177.se/hitta-vard/kontaktkort/Barnhalsovarden-Rosenlund-Jonkoping/,,live_2026-07-21,2026-08-26
SE2321000040-6VT7,"Barnhälsovården SVC, Kry Vårdcentral Kneippen",Unknown,False,"Dalviksgatan 69, Norrköping",011-19 08 15,58.5730302,16.1475535,05,0581,,05_SE2321000040-6VT7,,,5070,0.000197,430,https://www.1177.se/hitta-vard/kontaktkort/Barnavardscentralen-Kry-Vardcentral-Skarptorp/,,live_2026-07-21,2026-08-26
,Barnängens BVC,Unknown,False,,,59.3130356,18.1011901,01,0180,,01_X0062,,,13394,7.5e-05,715,,,,2026-08-26
SE2321000131-E000000007622,Bohus BVC,Privat,True,,,57.8514616,12.0164194,14,1440,,14_SE2321000131-E000000007622,,,10025,0.0001,604,,,identity_mismatch_2026-07-21,2026-08-26
SE2321000131-F000000000546,"Brämhults Vårdcentral, Brämhult",Privat,False,"Tvinnargatan 19, 507 30, Brämhult",033-20 28 60,57.7260498,13.0039423,14,1490,,14_SE2321000131-F000000000546,,,4646,0.000215,0,https://www.1177.se/hitta-vard/kontaktkort/BVC-Bramhults-vardcentral-Bramhult/,,live_2026-07-21,2026-08-26
SE2321000016-1519,Danderyds bvc,Region,True,"Golfvägen 8, Danderyd",08-123 365 14,59.3982538,18.0360673,01,0162,,01_SE2321000016-1519,,,15506,6.4e-05,1880,https://www.1177.se/hitta-vard/kontaktkort/Danderyds-BVC/,1177_hsa_2026-07-21,live_2026-07-21,2026-08-26
SE2321000206-E00463,Familjecentralen Södra Sundet,Privat,True,Södra Vägen 5,,62.6244043,17.9298362,22,2280,,22_SE2321000206-E00463,,,1473,0.000679,273,https://www.1177.se/hitta-vard/kontaktkort/Halsocentralen-Sodra-sundet/,1177_hsa_2026-07-21,live_2026-07-21,2026-08-26
SE2321000172-2CPR,Grindberga Barnavårdscentral,Region,False,"Österled 30, Arboga",0589-865 22,59.3909776,15.834983,19,1984,,19_SE2321000172-2CPR,,,788,0.001268,782,https://www.1177.se/hitta-vard/kontaktkort/Grindberga-Barnavardscentral-Arboga/,1177_hsa_2026-07-21,live_2026-07-21,2026-08-26
SE162321000255-O33184,Hälsomedicinskt center barnhälsovård i Lomma,Privat,False,"Esplanaden 15, Lomma",040-41 80 00,55.6772671,13.0618525,12,1262,,12_SE162321000255-O33184,,,10575,9.5e-05,0,https://www.1177.se/hitta-vard/kontaktkort/HMC-BVC-i-Lomma/,,live_2026-07-21,2026-08-26
SE2321000131-F000000000667,"Kvarterskliniken BVC, Centrum",Unknown,False,"Kungsportsavenyen 32, 411 36, Göteborg",031-339 93 03,57.6996016,11.9761405,14,1480,,14_SE2321000131-F000000000667,2026,2026,19884,5e-05,214,https://www.1177.se/hitta-vard/kontaktkort/Kvarterskliniken-BVC-Centrum-2/,1177_hsa_2026-07-21,live_2026-07-21,2026-08-26
SE2321000016-14KR,Luna barnavårdscentral,Privat,False,"Köpmangatan 3, Södertälje",08-123 670 60,59.1963735,17.6282748,01,0181,,01_SE2321000016-14KR,,,2365,0.000423,728,https://www.1177.se/hitta-vard/kontaktkort/Sodertalje-centrum-BVC/,,live_2026-07-21,2026-08-26
SE2321000016-5294,Mama Mia Sickla,Privat,False,"Smedjegatan 18, NACKA",08-556 744 10,59.3063158,18.1218728,01,0182,,01_SE2321000016-5294,,,15666,6.4e-05,1180,https://www.1177.se/hitta-vard/kontaktkort/Mama-Mia-Sickla-BVC/,,live_2026-07-21,2026-08-26
SE2321000016-107L,Mama Mia Östermalm BVC,Privat,True,"Karlavägen 58, STOCKHOLM",08-506 490 48,59.338771,18.0823517,01,0180,,01_SE2321000016-107L,,,13726,7.3e-05,2646,https://www.1177.se/hitta-vard/kontaktkort/Mama-Mia-Ostermalm-BVC/,1177_hsa_2026-07-21,live_2026-07-21,2026-08-26
,"Närhälsan Björkekärr barnavårdscentral - Munkebäck, Göteborg",Unknown,False,,,57.7193521,12.0266498,14,1480,,14_X0073,,,19735,5.1e-05,1469,,,,2026-08-26
,"Närhälsan Fjällbacka barnavårdscentral, Hamburgsund",Unknown,False,,,58.5516613,11.2728959,14,1435,,14_X0074,,,694,0.001439,68,,,,2026-08-26
SE2321000198-054465,Sandviken Norra Din hälsocentral,Region,True,"Lasarettsleden 5, 811 60 Sandviken",026-15 40 00,60.6086892,16.7597255,21,2181,,21_SE2321000198-054465,,,1016,0.000983,1670,https://www.1177.se/hitta-vard/kontaktkort/Barnavardscentral-Sandviken-Norra-Din-halsocentral/,,live_2026-07-21,2026-08-26
SE165560772419-11DQ,"Vårdcentralen Kasernhöjden, Karlstad",Privat,False,"Infanterigatan 35, Karlstad",010-128 51 00,59.3872136,13.4881798,17,1780,,17_SE165560772419-11DQ,,,5423,0.000184,376,https://www.1177.se/hitta-vard/kontaktkort/Barnavardscentralen-Kasernhojden/,1177_hsa_2026-07-21,live_2026-07-21,2026-08-26
SE2321000115-F82675,"1.Barnavårdscentralen Kattegattkliniken, Halmstad",Region,False,"Kattegattkliniken, Fiskaregatan 19, Halmstad",035-14 60 90,56.663705,12.8540008,13,1380,,13_SE2321000115-F82675,,,6066,0.000165,100,https://www.1177.se/hitta-vard/kontaktkort/Barnavardscentralen-Kattegattkliniken-Halmstad/,1177_hsa_2026-07-21,live_2026-07-21,2026-08-26
SE2321000115-F54736,"1.Barnavårdscentralen Viktoriakliniken, Halmstad",Privat,False,"Kungsgatan 13, Halmstad",035-10 56 10,56.6718054,12.8623546,13,1380,,13_SE2321000115-F54736,,,6862,0.000146,3,https://www.1177.se/hitta-vard/kontaktkort/Barnavardscentralen-Viktoriakliniken-Nissan-Halmstad/,,live_2026-07-21,2026-08-26
,"1.Närhälsan Billingen barnavårdscentral, Skövde",Region,False,,,58.3999792,13.8388997,14,1496,,14_X0079,,,3636,0.000275,0,,,,2026-08-26
SE2321000016-64V3,1. BBS Family BVC Kungsholmen,Privat,True,"Sankt Eriksgatan 44, STOCKHOLM",08-120 555 91,59.3348399,18.0332013,01,0180,,01_SE2321000016-64V3,,,19230,5.2e-05,1935,https://www.1177.se/hitta-vard/kontaktkort/BB-Stockholm-Family-Kungsholmen-BVC/,,live_2026-07-21,2026-08-26
SE2321000198-054455,1. Barnavårdscentral Söderhamn Din hälsocentral,Region,True,"Trädgårdsgatan 26, 826 32 Söderhamn",0270-777 90,61.2991215,17.0566538,21,2182,,21_SE2321000198-054455,,,1173,0.000852,212,https://www.1177.se/hitta-vard/kontaktkort/Barnavardscentral-Soderhamn-Din-halsocentral/,1177_hsa_2026-07-21,live_2026-07-21,2026-08-26
SE2321000222-0269443,1. Barnmorskemottagning MVC Tärnaby,Unknown,False,"Granvägen 7, 925 32 Tärnaby",090-785 44 70,65.7157561,15.3134328,24,2421,,24_SE2321000222-0269443,,,120,0.008303,56,https://www.1177.se/hitta-vard/kontaktkort/Barnhalsovard-Tarnaby-halsocentral/,,live_2026-07-21,2026-08-26
SE2321000206-E00620,1. Hälsocentralen Kramfors,Region,True,Bruksgatan 12-14,,62.9332286,17.7801871,22,2282,,22_SE2321000206-E00620,,,889,0.001124,444,https://www.1177.se/hitta-vard/kontaktkort/Halsocentralen-Kramfors/,,live_2026-07-21,2026-08-26
,"1. Närhälsan Hentorp vårdcentral - Skultorp, Skövde",Unknown,False,,,58.3429199,13.8293618,14,1496,,14_X0085,,,2579,0.000388,418,,,,2026-08-26
SE162321000156-4G4B,"1. Svea Vårdcentral, Säffle",Region,True,"Familjecentralen plan 5, Sundsgatan 1, Säffle",010-838 12 95,59.1362848,12.9340633,17,1785,,17_SE162321000156-4G4B,,,487,0.002051,729,https://www.1177.se/hitta-vard/kontaktkort/Barnavardscentralen-familjecentralen-Saffle/,1177_hsa_2026-07-21,live_2026-07-21,2026-08-26
SE2321000016-8RQN,"ALVA Barnavårdscentral, Södermalm",Region,False,"Medborgarplatsen 25, STOCKHOLM",08-502 331 50,59.3153961,18.0710218,01,0180,,01_SE2321000016-8RQN,,,14255,7e-05,117,https://www.1177.se/hitta-vard/kontaktkort/Capio-Alva-BVC-Medborgarplatsen-Sodermalm/,1177_hsa_2026-07-21,live_2026-07-21,2026-08-26
SE162321000255-O17683,"Achima Care BVC Roslunda, Ängelholm",Privat,False,"Errarpsvägen 3, Ängelholm",0431-47 25 03,56.2554167,12.8790574,12,1292,,12_SE162321000255-O17683,,,3124,0.00032,554,https://www.1177.se/hitta-vard/kontaktkort/Achima-Care-BVC-Roslunda-Angelholm/,1177_hsa_2026-07-21,live_2026-07-21,2026-08-26
SE2321000172-2ZPL,Achima Care Köpings vårdcentral,Privat,False,"Glasgatan 5, Köping",0221-44 24 00,59.5130927,15.9973863,19,1983,,19_SE2321000172-2ZPL,,,2649,0.000377,662,https://www.1177.se/hitta-vard/kontaktkort/Achima-Care-Koping-Barnavardscentral/,,live_2026-07-21,2026-08-26
SE2321000172-2BRD,"Achima Care Sala Barnavårdscentral, Sala",Privat,False,"Kålgårdsgatan 7, Sala",0224-586 82,59.9185773,16.6117472,19,1981,,19_SE2321000172-2BRD,,,894,0.001118,457,https://www.1177.se/hitta-vard/kontaktkort/Achima-Care-Sala-Barnavardscentral/,1177_hsa_2026-07-21,live_2026-07-21,2026-08-26
SE2321000065-7330028055113,Achima Care Vislanda health center,Privat,False,,,56.7864525,14.4501629,07,0764,,07_SE2321000065-7330028055113,,,561,0.001781,332,,,no_live_card_2026-07-21,2026-08-26
SE2321000065-7330028137543,Achima Care Växjö vårdcentral,Privat,False,"Storgatan 4, 2352 32 Växjö",0470-33 97 43,56.8791581,14.7979743,07,0780,,07_SE2321000065-7330028137543,,,4664,0.000214,0,https://www.1177.se/hitta-vard/kontaktkort/Barnavardscentralen-Achima-Care-Vaxjo-Vaxjo/,,live_2026-07-21,2026-08-26
SE2321000164-10G5,"Adolfsbergs Vårdcentral, Örebro",Region,False,"Lindhultsvägen 2, Örebro",019-602 29 00,59.2390755,15.1607229,18,1880,,18_SE2321000164-10G5,,,5604,0.000178,1125,https://www.1177.se/hitta-vard/kontaktkort/Barnavardscentralen-BVC-Adolfsbergs-vardcentral/,,live_2026-07-21,2026-08-26
SE162321000024-0063398,Aleris Barncentrum & Vårdcentral,Region,False,"Klostergatan 4, Uppsala",018-611 78 57,59.8600033,17.6366356,03,0380,,03_SE162321000024-0063398,,,8110,0.000123,0,https://www.1177.se/hitta-vard/kontaktkort/MamaMia-Barncentrum-BVC/,1177_hsa_2026-07-21,live_2026-07-21,2026-08-26
SE2321000131-E000000013859,Allemanshälsans Vårdcentral,Privat,False,"Gustav Adolfs gata 57, 549 54, Skövde",0500-78 99 90,58.4063184,13.8533277,14,1496,,14_SE2321000131-E000000013859,,,3851,0.00026,340,https://www.1177.se/hitta-vard/kontaktkort/Capio-Vardcentral-Skovde-Lunden-Skovde/,,live_2026-07-21,2026-08-26
SE2321000016-162L,Alviks barnavårdscentral,Privat,False,"Tranebergsplan 1, Bromma",08-123 428 88,59.3348938,17.9780426,01,0180,,01_SE2321000016-162L,,,16417,6.1e-05,1016,https://www.1177.se/hitta-vard/kontaktkort/Alviks-BVC/,1177_hsa_2026-07-21,live_2026-07-21,2026-08-26
SE2321000057-9V05,Aneby vårdcentral,Privat,True,"Familjecentralen, Storgatan 46 B, Aneby",010-243 49 80,57.8379635,14.8186169,06,0604,,06_SE2321000057-9V05,,,1070,0.000934,395,https://www.1177.se/hitta-vard/kontaktkort/Barnhalsovarden-Aneby/,1177_hsa_2026-07-21,live_2026-07-21,2026-08-26
SE2321000230-E00369,Arjeplogs hälsocentral,Region,False,Dr Wallqvist väg 3,0961-148 01,66.0500365,17.8912358,25,2506,,25_SE2321000230-E00369,,,485,0.00206,100,https://www.1177.se/hitta-vard/kontaktkort/Arjeplogs-halsocentral/,,live_2026-07-21,2026-08-26
,Arvidsjaurs Hälsocentral,Region,False,,,65.596916,19.1682168,25,2505,,25_X0099,,,494,0.002024,308,,,,2026-08-26
SE2321000180-4LMJ,Avestahälsan AB,Privat,False,"Markusgatan 17, Avesta",0226-800 70,60.1441654,16.169581,20,2084,,20_SE2321000180-4LMJ,,,1011,0.000989,662,https://www.1177.se/hitta-vard/kontaktkort/Barnavardscentral-Avestahalsan/,1177_hsa_2026-07-21,live_2026-07-21,2026-08-26
SE2321000016-BLPF,Axelsbergs BVC,Region,False,"Axelsbergs Torg 2, Hägersten",08-123 478 41,59.303934,17.9756059,01,0180,,01_SE2321000016-BLPF,,,13550,7.4e-05,1865,https://www.1177.se/hitta-vard/kontaktkort/Axelsbergs-BVC/,,live_2026-07-21,2026-08-26
SE162321000255-O20680,BVC Bambino,Privat,False,"Fågelbacksgatan 9B, Malmö",040-615 88 15,55.5968849,12.985942,12,1280,,12_SE162321000255-O20680,,,15561,6.4e-05,863,https://www.1177.se/hitta-vard/kontaktkort/BVC-Bambino/,1177_hsa_2026-07-21,live_2026-07-21,2026-08-26
SE162321000255-O23263,"BVC Bambino City, Malmö",Privat,False,"Västra Kanalgatan 7, Malmö",040-618 88 15,55.6002149,13.0021854,12,1280,,12_SE162321000255-O23263,,,16778,6e-05,476,https://www.1177.se/hitta-vard/kontaktkort/BVC-Bambino-City-Malmo/,,live_2026-07-21,2026-08-26
SE162321000255-O23788,BVC Bambino Hyllie,Privat,False,"Hyllie stationstorg 2, Malmö",040-615 88 15,55.5638416,12.976005,12,1280,,12_SE162321000255-O23788,,,16056,6.2e-05,871,https://www.1177.se/hitta-vard/kontaktkort/BVC-Bambino-Hyllie-Malmo/,,live_2026-07-21,2026-08-26
SE162321000255-O28143,BVC Bambino Mobilia,Privat,True,"Per Albin Hanssons väg 32A, Malmö",040-615 88 15,55.5820785,13.0038295,12,1280,,12_SE162321000255-O28143,,,17140,5.8e-05,1123,https://www.1177.se/hitta-vard/kontaktkort/BVC-Bambino-Mobilia-Malmo/,,live_2026-07-21,2026-08-26
SE2321000131-F000000000575,"BVC Capio Läkarhus Stenungsund, Stenungsund",Privat,False,"Strandvägen 23C, 444 31, Stenungsund",0303-37 38 04,58.0723208,11.815406,14,1415,,14_SE2321000131-F000000000575,,,1530,0.000653,380,https://www.1177.se/hitta-vard/kontaktkort/BVC-Capio-Vardcentral-Stenungsund-Stenungsund/,,live_2026-07-21,2026-08-26
SE2321000131-F000000000580,"BVC Capio Vårdcentral Amhult, Torslanda",Privat,False,"Flygfältsgatan 23, 42337, Torslanda",031-352 30 10,57.70895,11.78074,14,1480,,14_SE2321000131-F000000000580,,,7243,0.000138,0,https://www.1177.se/hitta-vard/kontaktkort/Capio-BVC-Torslanda-Torslanda/,,live_2026-07-21,2026-08-26
SE2321000131-F000000000658,"BVC Capio Vårdcentral Axess, Haga-Annedal",Privat,False,"Södra Allégatan 6, 413 01, Göteborg",031-725 00 12,57.6995317,11.9580327,14,1480,,14_SE2321000131-F000000000658,,,20185,5e-05,1230,https://www.1177.se/hitta-vard/kontaktkort/BVC-Capio-Vardcentral-Axess-Haga-Annedal/,,live_2026-07-21,2026-08-26
SE2321000131-F000000002033,"BVC Capio Vårdcentral Lödöse, Lödöse",Privat,False,"Klostergatan 1 F, 463 71, Lödöse",0520-40 50 60,58.0338502,12.1523551,14,1462,,14_SE2321000131-F000000002033,2026,2026,1324,0.000755,351,https://www.1177.se/hitta-vard/kontaktkort/BVC-Capio-Vardcentral-Lodose-Lodose/,1177_hsa_2026-07-21,live_2026-07-21,2026-08-26
SE2321000131-F000000000576,"BVC Capio Vårdcentral Selma, Hisings Backa",Privat,False,"Selma Lagerlöfs torg 1, 422 62, Hisings Backa",031-722 11 70,57.74762,11.982775,14,1480,,14_SE2321000131-F000000000576,,,16406,6.1e-05,416,https://www.1177.se/hitta-vard/kontaktkort/BVC-Capio-Vardcentral-Selma-Hisings-Backa/,osm_place:Backa,live_2026-07-21,2026-08-26
SE2321000016-14CL,"BVC Capio Vårdcentral Skogås, Capio Vårdcentral Skogås",Region,True,"Melodivägen 6, SKOGÅS",08-578 383 00,59.2179428,18.1558288,01,0126,,01_SE2321000016-14CL,,,6823,0.000147,1835,https://www.1177.se/hitta-vard/kontaktkort/BVC-Capio-Vardcentral-Skogas-Capio-Vardcentral-Skogas/,,live_2026-07-21,2026-08-26
SE2321000131-F000000000637,"BVC Capio Vårdcentral Sävedalen, Partille",Privat,False,"Vallhamra torg 5, 433 65, Sävedalen",031-340 22 03,57.7201254,12.0702123,14,1402,,14_SE2321000131-F000000000637,,,12232,8.2e-05,658,https://www.1177.se/hitta-vard/kontaktkort/BVC-Capio-Vardcentral-Savedalen-Partille/,,live_2026-07-21,2026-08-26
SE2321000131-F000000000536,"BVC Capio vårdcentral Mölndal, Mölndal",Privat,False,"Bergmansgatan 17, 431 30, Mölndal",031-87 84 10,57.6561286,12.0154984,14,1481,,14_SE2321000131-F000000000536,,,14434,6.9e-05,700,https://www.1177.se/hitta-vard/kontaktkort/BVC-Capio-vardcentral-Molndal-Molndal/,,live_2026-07-21,2026-08-26
SE2321000131-F000000000559,"BVC Centrumpraktiken, Kungälv",Privat,False,"Triogatan 5, 442 49, Kungälv",0303-20 93 00,57.8757555,11.9752061,14,1482,,14_SE2321000131-F000000000559,,,4030,0.000248,390,https://www.1177.se/hitta-vard/kontaktkort/BVC-Centrumpraktiken-Kungalv/,,live_2026-07-21,2026-08-26
SE2321000131-F000000001750,"BVC Cityläkarna Borås, Borås",Privat,True,"Norrby Tvärgata 34, 504 37, Borås",033-720 24 00,57.7211662,12.9286143,14,1490,,14_SE2321000131-F000000001750,,,6026,0.000166,1185,https://www.1177.se/hitta-vard/kontaktkort/BVC-Citylakarna-Boras-Boras/,,live_2026-07-21,2026-08-26
SE2321000131-E000000019395,"BVC Din Klinik, Centrum",Privat,False,"Fridkullagatan 27, 412 65, Göteborg",031-751 80 00,57.6801105,11.9890042,14,1480,,14_SE2321000131-E000000019395,,,17114,5.8e-05,727,https://www.1177.se/hitta-vard/kontaktkort/Fridkullens-vardcentral-och-BVC/,1177_hsa_2026-07-21,live_2026-07-21,2026-08-26
SE2321000016-3LLV,"BVC Familjeläkargruppen Odenplan, Familjeläkargruppen Odenplan",Privat,False,"Norrtullsgatan 12B, STOCKHOLM",08-586 133 21,59.3441587,18.0502579,01,0180,,01_SE2321000016-3LLV,,,17161,5.8e-05,0,https://www.1177.se/hitta-vard/kontaktkort/Meliva-BVC-Matteus-Vasastaden/,1177_hsa_2026-07-21,live_2026-07-21,2026-08-26
SE2321000016-C87X,"BVC Flottiljen, Järfälla",Privat,False,"Barkarbyvägen 51, JÄRFÄLLA",08-408 085 98,59.4145713,17.8650412,01,0123,,01_SE2321000016-C87X,,,6205,0.000161,1218,https://www.1177.se/hitta-vard/kontaktkort/Familjelakarna-Barkarby-BVC-Jarfalla/,,live_2026-07-21,2026-08-26
SE2321000016-16NS,"BVC Fruängens vårdcentral, Fruängens vårdcentral",Region,False,"Fruängsgången 2, HÄGERSTEN",073-599 86 18,59.2856854,17.9664794,01,0180,,01_SE2321000016-16NS,,,14029,7.1e-05,2507,https://www.1177.se/hitta-vard/kontaktkort/BVC-Fruangens-vardcentral-Fruangens-vardcentral/,,live_2026-07-21,2026-08-26
SE2321000131-F000000000738,"BVC Herkules vårdcentral, Borås",Privat,True,"Stora Kyrkogatan 4, 503 31, Borås",033-17 52 90,57.7227201,12.9380841,14,1490,,14_SE2321000131-F000000000738,,,5940,0.000168,127,https://www.1177.se/hitta-vard/kontaktkort/BVC-Herkules-vardcentral-Boras/,,live_2026-07-21,2026-08-26
SE2321000131-F000000000687,"BVC JohannesVården - VC och BVC, Tynnered",Privat,False,"Trollbärsvägen 16B, 426 55, Västra Frölunda",031-89 29 30,57.6526691,11.8924861,14,1480,,14_SE2321000131-F000000000687,,,12659,7.9e-05,460,https://www.1177.se/hitta-vard/kontaktkort/BVC-JohannesVarden-VC-och-BVC-Tynnered/,,live_2026-07-21,2026-08-26
SE2321000016-1RNK,BVC Kvartersakuten Tegnergatan,Privat,False,"Tegnergatan 23, STOCKHOLM",08-512 238 81,59.3396644,18.0609173,01,0180,,01_SE2321000016-1RNK,,,18158,5.5e-05,343,https://www.1177.se/hitta-vard/kontaktkort/BVC-Kvartersakuten-Tegnergatan/,,live_2026-07-21,2026-08-26
SE2321000016-14G5,BVC Nacka Forum,Region,False,"Forumvägen 14, Nacka",,59.3102038,18.16473,01,0182,,01_SE2321000016-14G5,,,7443,0.000134,2039,https://www.1177.se/hitta-vard/kontaktkort/Nacka-Forum-BVC/,1177_hsa_2026-07-21,live_2026-07-21,2026-08-26
SE2321000131-F000000000643,"BVC Nötkärnan Hovås Askim Familjeläkare och BVC, Askim",Privat,False,"Askims Torg 5, 436 43, Askim",031-727 90 00,57.6334745,11.9368416,14,1480,,14_SE2321000131-F000000000643,,,13336,7.5e-05,415,https://www.1177.se/hitta-vard/kontaktkort/BVC-Notkarnan-Hovas-Askim-Familjelakare-och-BVC-Askim/,,live_2026-07-21,2026-08-26
SE2321000131-F000000000543,"BVC Nötkärnan Kållered Familjeläkare och BVC, Kållered",Privat,False,"Gamla Riksvägen 44, 428 32, Kållered",031-793 18 00,57.6108502,12.0488431,14,1481,,14_SE2321000131-F000000000543,,,8555,0.000117,944,https://www.1177.se/hitta-vard/kontaktkort/BVC-Notkarnan-Kallered-Familjelakare-och-BVC-Kallered/,,live_2026-07-21,2026-08-26
SE2321000131-E000000007495,"BVC Nötkärnan Sävelången Familjeläkare, Alingsås",Privat,False,"Rubingatan 1 D, 441 45, Alingsås",0322-22 98 00,57.9201103,12.5119367,14,1489,,14_SE2321000131-E000000007495,,,2865,0.000349,534,https://www.1177.se/hitta-vard/kontaktkort/Notkarnan-Savelangen-Familjelakare-och-BVC-Alingsas/,,live_2026-07-21,2026-08-26
SE2321000131-F000000001864,"BVC Omtanken Vårdcentral Frölunda Torg, Västra Frölunda",Privat,False,"Lilla Marconigatan 31, 421 42, Västra Frölunda",031-380 48 40,57.6530256,11.913225,14,1480,,14_SE2321000131-F000000001864,,,14150,7.1e-05,476,https://www.1177.se/hitta-vard/kontaktkort/BVC-Omtanken-Vardcentral-Frolunda-Torg-Vastra-Frolunda/,,live_2026-07-21,2026-08-26
SE2321000131-F000000001309,"BVC Omtanken Vårdcentral Landala, Göteborg",Unknown,False,"Kapellplatsen 8, 411 31, Göteborg",031-352 06 27,57.6949138,11.969528,14,1480,,14_SE2321000131-F000000001309,,,19131,5.2e-05,0,https://www.1177.se/hitta-vard/kontaktkort/BVC-Omtanken-Vardcentral-Landala-Goteborg/,,live_2026-07-21,2026-08-26
,"BVC Omtanken Vårdcentral Pedagogen Park, Mölndal",Unknown,False,,,57.652055,11.9869711,14,1481,,14_X0131,,,12748,7.8e-05,317,,,,2026-08-26
,BVC Sigtuna Vårdcentral,Privat,False,,,59.6278152,17.7191816,01,0191,,01_X0132,,,1775,0.000563,638,,,,2026-08-26
SE2321000016-13T5,BVC Sju Systrar,Privat,False,"Bergavägen 4B, ÅKERSBERGA",08-540 801 46,59.4805586,18.2967362,01,0117,,01_SE2321000016-13T5,,,707,0.001413,3081,https://www.1177.se/hitta-vard/kontaktkort/BVC-Sju-Systrar/,,live_2026-07-21,2026-08-26
SE2321000131-F000000001482,"BVC Sjöstaden Mariestad, Mariestad",Unknown,False,"Drottninggatan 1, 542 37, Mariestad",0501-27 94 90,58.7053702,13.8280553,14,1493,,14_SE2321000131-F000000001482,,,962,0.001038,729,https://www.1177.se/hitta-vard/kontaktkort/BVC-Sjostaden-Mariestad-Mariestad/,1177_hsa_2026-07-21,live_2026-07-21,2026-08-26
SE2321000131-F000000000845,"BVC Skagerns Vård och Hälsoenhet, Gullspång",Privat,False,"Hemgatan 10, 547 31, Gullspång",0551-201 17,58.9804176,14.0870317,14,1447,,14_SE2321000131-F000000000845,,,1135,0.000881,177,https://www.1177.se/hitta-vard/kontaktkort/BVC-Skagerns-Vard-och-Halsoenhet-Gullspang/,1177_hsa_2026-07-21,live_2026-07-21,2026-08-26
SE2321000131-F000000000548,"BVC Vårdcentralen Centrum, Alingsås",Privat,False,"Kungsgatan 5, 44131, Alingsås",0322-28 01 50,57.9304877,12.5299862,14,1489,,14_SE2321000131-F000000000548,,,2881,0.000347,716,https://www.1177.se/hitta-vard/kontaktkort/BVC-Vardcentralen-Centrum-Alingsas/,,live_2026-07-21,2026-08-26
SE2321000131-E000000015078,"BVC Wästerläkarna Redegatan, Västra Frölunda",Unknown,False,"Redegatan 1C, 426 77, Västra Frölunda",031-29 90 95,57.673105,11.8819106,14,1480,,14_SE2321000131-E000000015078,,,15008,6.7e-05,309,https://www.1177.se/hitta-vard/kontaktkort/BVC-Wasterlakarna-Redegatan-Vastra-Frolunda/,,live_2026-07-21,2026-08-26
SE2321000131-F000000000843,"BVC Wästerläkarna, Älvsborg",Privat,False,"Hängpilsgatan 3, 426 77, Västra Frölunda",031-29 51 50,57.6710713,11.8788108,14,1480,,14_SE2321000131-F000000000843,,,15048,6.6e-05,354,https://www.1177.se/hitta-vard/kontaktkort/BVC-Wasterlakarna-Alvsborg/,,live_2026-07-21,2026-08-26
SE2321000131-F000000000619,"BVC- Vårdcentralen Carlanderska, Centrum",Privat,False,"Eklandagatan 80, 412 61, Göteborg",031-81 80 01,57.692566,11.9892601,14,1480,,14_SE2321000131-F000000000619,,,17355,5.8e-05,363,https://www.1177.se/hitta-vard/kontaktkort/BVC-Vardcentralen-Carlanderska-Centrum/,,live_2026-07-21,2026-08-26
SE2321000131-E000000015406,Backaplan Vårdcentral och BVC,Privat,False,"Gamla Tuvevägen 23, 417 05, Göteborg",031-30 01 90,57.7259412,11.9468589,14,1480,,14_SE2321000131-E000000015406,,,18501,5.4e-05,361,https://www.1177.se/hitta-vard/kontaktkort/Backaplan-BVC/,,live_2026-07-21,2026-08-26
,Backe hälsocentral,Region,False,,,63.8072245,16.4083791,23,2313,,23_X0142,,,131,0.007596,39,,,,2026-08-26
,Backens familjecentral,Region,True,,,63.8374043,20.1610018,24,2480,,24_X0143,,,2688,0.000372,618,,,,2026-08-26
SE162321000024-0023744,"Barnavårdcental Sävja vårdcentral, Uppsala",Privat,False,"Västgötaresan 64 Plan 1, Uppsala",018-18 37 00,59.8100711,17.7023247,03,0380,,03_SE162321000024-0023744,,,4321,0.000231,631,https://www.1177.se/hitta-vard/kontaktkort/Barnavardcental-Savja-vardcentral-Uppsala/,,live_2026-07-21,2026-08-26
SE162321000024-0067889,Barnavårdcentral Bålsta Doktorn Skokloster,Unknown,False,"Slottskogsleden 19 R, Skokloster",0171-62 00 20,59.6911464,17.6134736,03,0305,,03_SE162321000024-0067889,,,471,0.002121,0,https://www.1177.se/hitta-vard/kontaktkort/Barnavardscentral-Familjelakarna-Skokloster/,,live_2026-07-21,2026-08-26
SE162321000024-0033359,"Barnavårdcentral Ekeby Hälsocenter, Uppsala",Privat,False,"Ekeby bruk  2H, Uppsala",010-640 51 00,59.8482565,17.6069406,03,0380,,03_SE162321000024-0033359,,,6677,0.00015,0,https://www.1177.se/hitta-vard/kontaktkort/Barnens-Meliva-BVC-Ekeby-Uppsala/,1177_hsa_2026-07-21,live_2026-07-21,2026-08-26
SE162321000024-0059323,"Barnavårdcentral Ultuna vårdcentral, Uppsala",Privat,False,Ulls väg 30B,018-700 89 00,59.812596,17.6585319,03,0380,,03_SE162321000024-0059323,,,5029,0.000199,414,https://www.1177.se/hitta-vard/kontaktkort/Barnavardcentral-Ultuna-vardcentral-Uppsala/,,live_2026-07-21,2026-08-26
,"Barnavårdcentralen Rud, en del av Familjecentralen Rud",Region,True,,,59.4055709,13.5183315,17,1780,,17_X0148,,,4761,0.00021,0,,,,2026-08-26
SE2321000057-9V0C,Barnavårdcentralen Vaggeryd,Region,True,"Familjecentralen, Sveavägen 4, Vaggeryd.",010-243 49 80,57.4983261,14.142887,06,0665,,06_SE2321000057-9V0C,,,463,0.002158,1026,https://www.1177.se/hitta-vard/kontaktkort/Barnhalsovarden-Vaggeryd/,,live_2026-07-21,2026-08-26
SE162321000024-0048452,Barnavårdscental Familjeläkarna Luthagen,Privat,False,Hällbygatan 31 B,018-51 15 11,59.8657712,17.6074013,03,0380,,03_SE162321000024-0048452,,,7290,0.000137,272,https://www.1177.se/hitta-vard/kontaktkort/Barnavardscental-Familjelakarna-Luthagen-Uppsala/,,live_2026-07-21,2026-08-26
SE162321000024-0071021,"Barnavårdscental Familjeläkarna Rosendal, Uppsala",Privat,False,"Torgny Segerstedts allé, 101, Uppsala",018-477 60 00,59.8389926,17.6354833,03,0380,,03_SE162321000024-0071021,,,6688,0.00015,307,https://www.1177.se/hitta-vard/kontaktkort/Barnavardscentral-Familjelakarna-Rosendal-Uppsala/,,live_2026-07-21,2026-08-26
SE2321000198-054444,Barnavårdscentral Alfta Din hälsocentral,Region,False,"Stationsgatan 3, 822 30 Alfta",0271-196 00,61.3458058,16.0695175,21,2121,,21_SE2321000198-054444,,,733,0.001363,283,https://www.1177.se/hitta-vard/kontaktkort/Barnavardscentral-Alfta-Din-halsocentral/,,live_2026-07-21,2026-08-26
SE162321000024-0023181,Barnavårdscentral Almunge vårdcentral,Region,False,"Almungeberg 6, Almunge",018-612 25 50,59.8673386,18.070887,03,0380,,03_SE162321000024-0023181,,,246,0.004053,340,https://www.1177.se/hitta-vard/kontaktkort/Barnavardscentral-Almunge-vardcentral/,1177_hsa_2026-07-21,live_2026-07-21,2026-08-26
SE162321000024-0059076,Barnavårdscentral Alunda vårdcentral,Region,False,"Kyrkvägen 3, Alunda",018-611 07 90,60.0619688,18.0778215,03,0382,,03_SE162321000024-0059076,,,1400,0.000714,485,https://www.1177.se/hitta-vard/kontaktkort/Barnavardscentral-Alunda/,1177_hsa_2026-07-21,live_2026-07-21,2026-08-26
SE2321000198-054411,Barnavårdscentral Andersberg Din hälsocentral,Region,True,"Vinddraget 22, 802 77 Gävle",026-15 77 00,60.6514621,17.1386912,21,2180,,21_SE2321000198-054411,,,4006,0.00025,779,https://www.1177.se/hitta-vard/kontaktkort/Barnavardscentral-Andersberg-Din-halsocentral/,1177_hsa_2026-07-21,live_2026-07-21,2026-08-26
SE2321000198-054446,Barnavårdscentral Arbrå Din hälsocentral,Privat,False,"Stationsesplanaden 10, 821 61 Arbrå",0278-388 80,61.4705105,16.3744808,21,2183,,21_SE2321000198-054446,,,441,0.002263,235,https://www.1177.se/hitta-vard/kontaktkort/Barnavardscentral-Arbra-Din-halsocentral/,,live_2026-07-21,2026-08-26
SE2321000016-12Z3,Barnavårdscentral Barnhälsan Kvarnen,Region,True,"Järfällavägen 106, JÄRFÄLLA",,59.4196029,17.830832,01,0123,,01_SE2321000016-12Z3,,,4441,0.000225,3485,https://www.1177.se/hitta-vard/kontaktkort/Barnhalsan-Kvarnen-Jarfalla/,1177_hsa_2026-07-21,live_2026-07-21,2026-08-26
SE162321000024-0024807,"Barnavårdscentral Björklinge, Björklinge",Region,False,"Södra Långåsvägen 4, Björklinge",018-611 74 10,60.0294794,17.5517589,03,0380,,03_SE162321000024-0024807,,,1318,0.000759,615,https://www.1177.se/hitta-vard/kontaktkort/Barnavardscentral-Bjorklinge-Bjorklinge-centrum/,,live_2026-07-21,2026-08-26
SE2321000198-047263,Barnavårdscentral Bollnäs hälsocentral,Privat,True,"Läroverksgatan 47, 821 33 Bollnäs",0278-62 22 00,61.3527986,16.3886891,21,2183,,21_SE2321000198-047263,,,1174,0.000851,713,https://www.1177.se/hitta-vard/kontaktkort/Barnavardscentral-Bollnas-halsocentral/,,live_2026-07-21,2026-08-26
,Barnavårdscentral Britsarvet,Region,False,,,60.6206305,15.6220831,20,2080,,20_X0160,,,2375,0.000421,1106,,,,2026-08-26
SE2321000222-0269451,Barnavårdscentral Bvc Vännäs,Region,False,"Umevägen 6, 911 32 Vännäs",090-785 44 50,63.9057401,19.7548211,24,2460,,24_SE2321000222-0269451,,,525,0.001902,639,https://www.1177.se/hitta-vard/kontaktkort/Barnhalsovard-Vannas-halsocentral/,,live_2026-07-21,2026-08-26
SE162321000024-0029189,Barnavårdscentral Bälinge vårdcentral,Region,False,"Lundgårdsvägen 2, Bälinge",018-611 74 10,59.9490819,17.530372,03,0380,,03_SE162321000024-0029189,,,2075,0.000482,449,https://www.1177.se/hitta-vard/kontaktkort/Barnavardscentral-Balinge-Balinge/,,live_2026-07-21,2026-08-26
SE2321000016-4Z16,Barnavårdscentral Capio Vårdcentral Årsta,Region,False,Bränningevägen 2,08-120 009 15,59.2981321,18.0500168,01,0180,,01_SE2321000016-4Z16,,,17265,5.8e-05,1508,https://www.1177.se/hitta-vard/kontaktkort/Barnavardscentral-Capio-Vardcentral-Arsta/,1177_hsa_2026-07-21,live_2026-07-21,2026-08-26
SE2321000198-054429,Barnavårdscentral Delsbo Din hälsocentral,Privat,False,"Björkgatan 3, 824 70 Delsbo",0653-71 40 05,61.8008387,16.5571028,21,2184,,21_SE2321000198-054429,,,242,0.00412,374,https://www.1177.se/hitta-vard/kontaktkort/Barnavardscentral-Delsbo-Din-halsocentral/,1177_hsa_2026-07-21,live_2026-07-21,2026-08-26
,Barnavårdscentral Edsbro,Unknown,False,,,59.8949539,18.4886478,01,0188,,01_X0165,,,227,0.004402,568,,,,2026-08-26
SE162321000024-0019971,Barnavårdscentral Enköpings husläkarcentrum,Region,False,"Kungsgatan 71, Enköping",0171-41 73 00,59.6292538,17.0689426,03,0381,,03_SE162321000024-0019971,,,2153,0.000464,294,https://www.1177.se/hitta-vard/kontaktkort/Barnavardscentral-Enkopings-huslakarcentrum-Enkoping/,1177_hsa_2026-07-21,live_2026-07-21,2026-08-26
SE162321000024-0023763,Barnavårdscentral Enköpings vårdcentral,Privat,False,Korsängsgatan 42,0171-41 83 30,59.6368383,17.0833416,03,0381,,03_SE162321000024-0023763,,,2334,0.000428,1806,https://www.1177.se/hitta-vard/kontaktkort/Barnavardscentral-Capio-vardcentral-Enkoping/,,live_2026-07-21,2026-08-26
,Barnavårdscentral Eriksbergs vårdcentral,Region,False,,,59.8405335,17.6007112,03,0380,,03_X0168,,,5814,0.000172,425,,,,2026-08-26
SE2321000180-4LPL,Barnavårdscentral Falu Vårdcentral,Region,False,"Södra Mariegatan 18, Falun",023-661 61 09,60.6136618,15.6195498,20,2080,,20_SE2321000180-4LPL,,,2527,0.000396,0,https://www.1177.se/hitta-vard/kontaktkort/Barnavardscentral-Falu-vardcentral/,1177_hsa_2026-07-21,live_2026-07-21,2026-08-26
,Barnavårdscentral Familjeläkarna Skokloster,Privat,False,,,59.6939147,17.6067362,03,0305,,03_X0170,,,428,0.002334,21,,,,2026-08-26
SE162321000024-0023143,"Barnavårdscentral Gimo vårdcentral, Gimo",Region,False,"Gimo Torg 6, Gimo",018-611 07 90,60.1724315,18.1851302,03,0382,,03_SE162321000024-0023143,,,966,0.001035,204,https://www.1177.se/hitta-vard/kontaktkort/Barnavardscentral-Gimo-vardcentral-Gimo/,,live_2026-07-21,2026-08-26
SE162321000024-0023153,Barnavårdscentral Gottsunda vårdcentral,Region,False,"Gottsunda Centrum, Valthornsvägen 3B, plan 4, Uppsala",018-611 78 10,59.811201,17.6286416,03,0380,,03_SE162321000024-0023153,,,4771,0.00021,1704,https://www.1177.se/hitta-vard/kontaktkort/Barnavardscentral-Gottsunda-vardcentral-Uppsala/,,live_2026-07-21,2026-08-26
SE162321000024-0029339,Barnavårdscentral Gränbystadens vårdcentral,Region,False,"Marknadsgatan 7, Uppsala",018-611 07 00,59.876113,17.6730313,03,0380,,03_SE162321000024-0029339,,,7461,0.000134,530,https://www.1177.se/hitta-vard/kontaktkort/Barnavardscentral-Granbystadens-vardcentral/,,live_2026-07-21,2026-08-26
SE2321000180-474J,Barnavårdscentral Hedemora,Region,False,"Vinstravägen 2, Hedemora",0225-49 65 02,60.2733407,15.9959776,20,2083,,20_SE2321000180-474J,,,871,0.001148,620,https://www.1177.se/hitta-vard/kontaktkort/Barnavardscentral-Hedemora/,,live_2026-07-21,2026-08-26
SE2321000198-054431,Barnavårdscentral Hudiksvall Din hälsocentral,Region,True,"Kålhagsgatan 20, 824 52 Hudiksvall",0650-59 30 10,61.7291353,17.1120189,21,2184,,21_SE2321000198-054431,,,895,0.001116,1192,https://www.1177.se/hitta-vard/kontaktkort/Barnavardscentral-Hudiksvall-Din-halsocentral/,,live_2026-07-21,2026-08-26
SE162321000255-O18216,Barnavårdscentral Höör,Region,False,"Storgatan 2, Höör",0413-231 97,55.931252,13.547481,12,1267,,12_SE162321000255-O18216,,,664,0.001506,1387,https://www.1177.se/hitta-vard/kontaktkort/Barnavardscentralen-Lillefot-Hoor/,,live_2026-07-21,2026-08-26
SE162321000024-0023764,Barnavårdscentral Knivsta Läkargrupp,Privat,False,"Margaretavägen 51, Knivsta",018-617 68 70,59.7195182,17.7989088,03,0330,,03_SE162321000024-0023764,,,1651,0.000606,307,https://www.1177.se/hitta-vard/kontaktkort/Barnavardscentral-Margarethahemmet-vardcentral-Knivsta/,,live_2026-07-21,2026-08-26
SE162321000024-0023161,Barnavårdscentral Knivsta vårdcentral,Region,False,"Ängbyvägen 6A, Knivsta",018-611 69 20,59.7242784,17.7853414,03,0330,,03_SE162321000024-0023161,,,1833,0.000546,544,https://www.1177.se/hitta-vard/kontaktkort/Barnavardscentral-Knivsta-vardcentral-Knivsta/,1177_hsa_2026-07-21,live_2026-07-21,2026-08-26
SE2321000180-4H1S,Barnavårdscentral Kvarnsveden,Region,False,"Märkargatan 23, Borlänge",0243-49 79 20,60.5148269,15.4117653,20,2081,,20_SE2321000180-4H1S,,,1748,0.000572,867,https://www.1177.se/hitta-vard/kontaktkort/Barnavardscentral-Kvarnsveden/,1177_hsa_2026-07-21,live_2026-07-21,2026-08-26
SE162321000024-0031865,"Barnavårdscentral Lille Skutt, Enköping",Privat,False,"Linbanegatan 6, 745 34 Enköping",0171-305 06,59.6455919,17.0786521,03,0381,,03_SE162321000024-0031865,,,2220,0.00045,414,https://www.1177.se/hitta-vard/kontaktkort/Barnavardscentral-Lille-Skutt-Enkoping/,,live_2026-07-21,2026-08-26
SE2321000180-4H1Z,Barnavårdscentral Malung,Region,False,"Moravägen 14, Malung",0280-49 82 23,60.6849547,13.7204608,20,2023,,20_SE2321000180-4H1Z,,,679,0.001472,320,https://www.1177.se/hitta-vard/kontaktkort/Barnavardscentral-Malung/,,live_2026-07-21,2026-08-26
,Barnavårdscentral Morgongåva,Region,False,,,59.9335348,16.9671071,03,0331,,03_X0183,,,1042,0.000959,265,,,,2026-08-26
,Barnavårdscentral Orsa,Region,False,,,61.1187635,14.6141404,20,2034,,20_X0184,,,742,0.001347,422,,,,2026-08-26
SE165560772419-191G,Barnavårdscentral Rosendals vårdcentral,Privat,False,"Torgny Segerstedts Allé 88A, Uppsala",018-474 99 05,59.8347987,17.6336288,03,0380,,03_SE165560772419-191G,,,6481,0.000154,195,https://www.1177.se/hitta-vard/kontaktkort/Praktikertjanst-RosenDental-Uppsala/,1177_hsa_2026-07-21,live_2026-07-21,2026-08-26
SE162321000024-0023184,Barnavårdscentral Samariterhemmets vårdcentral,Region,False,"Dragarbrunnsgatan 72B, Uppsala",018-611 89 00,59.855546,17.6472422,03,0380,,03_SE162321000024-0023184,,,7912,0.000126,535,https://www.1177.se/hitta-vard/kontaktkort/Barnavardscentral-Samariterhemmets-vardcentral-Uppsala/,1177_hsa_2026-07-21,live_2026-07-21,2026-08-26
SE162321000024-0023204,Barnavårdscentral Skutskärs vårdcentral,Region,False,"Lillängsgatan 8, Skutskär",018-611 03 00,60.6262538,17.4116696,03,0319,,03_SE162321000024-0023204,,,1895,0.000527,510,https://www.1177.se/hitta-vard/kontaktkort/Barnavardscentral-Skutskars-vardcentral-Skutskar/,,live_2026-07-21,2026-08-26
SE162321000024-0024803,"Barnavårdscentral Skärplinge, Skärplinge",Region,False,"Torget 1 nb, Skärplinge",0293-202 00,60.4724116,17.7588043,03,0360,,03_SE162321000024-0024803,,,231,0.004318,185,https://www.1177.se/hitta-vard/kontaktkort/Barnavardscentral-Skarplinge-Skarplinge/,,live_2026-07-21,2026-08-26
SE162321000024-0023195,"Barnavårdscentral Storvreta vårdcentral, Storvreta",Region,False,"Ärentunavägen 9, Storvreta",018-611 86 10,59.9603501,17.7027929,03,0380,,03_SE162321000024-0023195,,,2906,0.000344,850,https://www.1177.se/hitta-vard/kontaktkort/Barnavardscentral-Storvreta-vardcentral-Storvreta/,1177_hsa_2026-07-21,live_2026-07-21,2026-08-26
SE162321000024-0023201,"Barnavårdscentral Svartbäckens vårdcentral, Uppsala",Region,False,"Svartbäcksgatan 52 A, Uppsala",018-611 74 10,59.8701082,17.6278882,03,0380,,03_SE162321000024-0023201,,,7872,0.000127,618,https://www.1177.se/hitta-vard/kontaktkort/Barnavardscentral-Svartbackens-vardcentral-Uppsala/,1177_hsa_2026-07-21,live_2026-07-21,2026-08-26
SE2321000198-054422,Barnavårdscentral Sätra Din Hälsocentral,Region,True,"Rullstensvägen 1, 806 31 Gävle",026-15 77 77,60.6927875,17.1159231,21,2180,,21_SE2321000198-054422,,,3804,0.000263,743,https://www.1177.se/hitta-vard/kontaktkort/Barnavardscentral-Satra-Din-halsocentral/,1177_hsa_2026-07-21,live_2026-07-21,2026-08-26
SE162321000024-0022974,"Barnavårdscentral Tierps vårdcentral, Tierp",Region,False,"Liljevägen 2, Tierp",0293-202 00,60.3366998,17.5150396,03,0360,,03_SE162321000024-0022974,,,860,0.001162,670,https://www.1177.sehttps://www.1177.se/hitta-vard/kontaktkort/Barnavardscentral-Tierps-vardcentral-Tierp/,,identity_mismatch_2026-07-21,2026-08-26
SE2321000016-14XX,Barnavårdscentral Vaxholm,Region,False,"Kapellgatan 2, VAXHOLM",08-541 718 20,59.4028382,18.3501145,01,0187,,01_SE2321000016-14XX,,,865,0.001155,563,https://www.1177.se/hitta-vard/kontaktkort/Familjelakarna-Vaxholm-BVC/,,live_2026-07-21,2026-08-26
SE162321000024-0024800,"Barnavårdscentral Älvkarleby, Älvkarleby",Region,False,"Ridderdalsvägen 3, Älvkarleby",018-611 03 00,60.5683265,17.457736,03,0319,,03_SE162321000024-0024800,,,914,0.001094,192,https://www.1177.se/hitta-vard/kontaktkort/Barnavardscentral-Alvkarleby-Alvkarleby/,,live_2026-07-21,2026-08-26
SE162321000024-0023208,"Barnavårdscentral Årsta vårdcentral, Uppsala",Region,False,"Sparrisgatan 1, 754 46 Uppsala",018-611 87 15,59.8658487,17.6834169,03,0380,,03_SE162321000024-0023208,,,7038,0.000142,539,https://www.1177.se/hitta-vard/kontaktkort/Barnavardscentral-Arsta-vardcentral-Uppsala/,,live_2026-07-21,2026-08-26
SE162321000024-0024801,Barnavårdscentral Örbyhus,Region,False,"Vendelvägen 5, Örbyhus",0293-202 00,60.2257182,17.6985275,03,0360,,03_SE162321000024-0024801,,,575,0.001737,289,https://www.1177.sehttps://www.1177.se/hitta-vard/kontaktkort/Barnavardscentral-Orbyhus-Orbyhus/,,identity_mismatch_2026-07-21,2026-08-26
SE162321000024-0023223,"Barnavårdscentral Österbybruks vårdcentral, Österbybruk",Region,False,"Parkv 7, Österbybruk",018-611 07 90,60.19834,17.8922334,03,0382,,03_SE162321000024-0023223,,,783,0.001276,194,https://www.1177.se/hitta-vard/kontaktkort/Barnavardscentral-Osterbybruk-Osterbybruk/,,live_2026-07-21,2026-08-26
SE162321000024-0023216,"Barnavårdscentral Östervåla vårdcentral, Östervåla",Region,False,"Åbygränd 2, Östervåla",018-611 08 50,60.1821431,17.1862974,03,0331,,03_SE162321000024-0023216,,,737,0.001356,284,https://www.1177.se/hitta-vard/kontaktkort/Barnavardscentral-Ostervala-vardcentral-Ostervala/,1177_hsa_2026-07-21,live_2026-07-21,2026-08-26
SE162321000024-0023211,"Barnavårdscentral Östhammars vårdcentral, Östhammar",Region,False,"Lasarettsvägen 1, Östhammar",0173-880 00,60.2570996,18.3649958,03,0382,,03_SE162321000024-0023211,,,866,0.001154,385,https://www.1177.se/hitta-vard/kontaktkort/Barnavardscentral-Osthammars-vardcentral-Osthammar/,1177_hsa_2026-07-21,live_2026-07-21,2026-08-26
SE162321000156-4GS6,Barnavårdscentralen,Region,False,"Assemblégatan 1, Kristinehamn",010-838 63 20,59.3095879,14.1104305,17,1781,,17_SE162321000156-4GS6,,,1130,0.000885,722,https://www.1177.se/hitta-vard/kontaktkort/Barnavardscentralen-familjecentralen-Kallan-Kristinehamn/,,live_2026-07-21,2026-08-26
SE2321000065-7330028996218,Barnavårdscentralen Alvesta,Region,True,"Hjortsbergavägen 57, 342 36 Alvesta",0472-38 92 20,56.8972587,14.5448513,07,0764,,07_SE2321000065-7330028996218,,,1717,0.000582,898,https://www.1177.se/hitta-vard/kontaktkort/Barnavardscentralen-Alvesta-Vardcentralen-Alvesta/,,live_2026-07-21,2026-08-26
SE2321000115-O20705,"Barnavårdscentralen Amadeuskliniken Fyllinge, Halmstad",Region,False,"Amadeuskliniken Fyllinge, Forellvägen 2, Halmstad",035-464 00,56.6487929,12.9203741,13,1380,,13_SE2321000115-O20705,,,6239,0.00016,517,https://www.1177.se/hitta-vard/kontaktkort/Barnavardscentralen-Amadeuskliniken-Fyllinge-Halmstad/,1177_hsa_2026-07-21,live_2026-07-21,2026-08-26
SE2321000115-F23794,"Barnavårdscentralen Andersberg, Halmstad",Region,False,"Vårdcentralen Andersberg, Skolgången 2, Halmstad",035-16 24 00,56.6607822,12.9004503,13,1380,,13_SE2321000115-F23794,,,6596,0.000152,463,https://www.1177.se/hitta-vard/kontaktkort/Barnavardscentralen-Andersberg-Halmstad/,1177_hsa_2026-07-21,live_2026-07-21,2026-08-26
SE162321000255-O17531,Barnavårdscentralen Anderslöv,Region,True,"Landsvägen 2197D, Anderslöv",0410-35 97 70,55.437606,13.3226908,12,1287,,12_SE162321000255-O17531,,,1017,0.000983,464,https://www.1177.se/hitta-vard/kontaktkort/Barnavardscentralen-Anderslov/,,live_2026-07-21,2026-08-26
SE2321000164-10F7,Barnavårdscentralen BVC Askersunds vårdcentral,Region,False,"Bertil Boos väg 9, Askersund",0583-857 10,58.8838745,14.9129254,18,1882,,18_SE2321000164-10F7,,,353,0.002828,498,https://www.1177.se/hitta-vard/kontaktkort/Barnavardscentralen-BVC-Askersunds-vardcentral/,,live_2026-07-21,2026-08-26
SE2321000164-10FC,Barnavårdscentralen BVC Capio vårdcentral Hallsberg,Region,True,"Hallsbergs familjecentral, Västra Skolan, Västra Storgatan 42, Hallsberg",0582-880 11,59.0643225,15.095984,18,1861,,18_SE2321000164-10FC,,,1891,0.000529,774,https://www.1177.se/hitta-vard/kontaktkort/Barnavardscentralen-BVC-Hallsbergs-familjecentral-V-Storgatan-Hallsberg/,,live_2026-07-21,2026-08-26
SE2321000164-10FM,Barnavårdscentralen BVC Kumla vårdcentral,Region,False,"Magasinsgatan 4, Kumla",019-602 91 20,59.1241461,15.1404026,18,1881,,18_SE2321000164-10FM,,,931,0.001074,1584,https://www.1177.se/hitta-vard/kontaktkort/Barnavardscentralen-BVC-Kumla-vardcentral/,,live_2026-07-21,2026-08-26
SE2321000164-10G3,Barnavårdscentralen BVC Nora vårdcentral,Region,False,"Kvarnvägen 11, 713 31 Nora",0587-843 00,59.5213136,15.0313879,18,1884,,18_SE2321000164-10G3,,,540,0.001851,591,https://www.1177.se/hitta-vard/kontaktkort/Barnavardscentralen-BVC-Nora-vardcentral/,,live_2026-07-21,2026-08-26
SE2321000164-10GK,Barnavårdscentralen BVC Olaus Petri vårdcentral,Region,True,"Fredsgatan 23, Örebro",019-602 34 01,59.2761183,15.2187118,18,1880,,18_SE2321000164-10GK,,,6360,0.000157,559,https://www.1177.se/hitta-vard/kontaktkort/Barnavardscentralen-BVC-Fredsgatan-Olaus-Petri-vardcentral/,,live_2026-07-21,2026-08-26
SE2321000164-10GP,Barnavårdscentralen BVC Tybble vårdcentral,Region,False,"Forskarvägen 1, Örebro",019-602 88 00,59.2536438,15.2393749,18,1880,,18_SE2321000164-10GP,,,5033,0.000199,767,https://www.1177.se/hitta-vard/kontaktkort/Barnavardscentralen-BVC-Forskarvagen-Tybble-vardcentral/,1177_hsa_2026-07-21,live_2026-07-21,2026-08-26
,Barnavårdscentralen Bokskogen,Region,False,,,55.5784709,13.176113,12,1263,,12_X0213,,,6061,0.000165,601,,,,2026-08-26
SE2321000115-F37405,"Barnavårdscentralen Breared, Varberg",Region,False,"Vårdcentralen Breared, Marmorgatan 1, Varberg",0340-48 21 70,57.0866954,12.275273,13,1383,,13_SE2321000115-F37405,,,3662,0.000273,512,https://www.1177.se/hitta-vard/kontaktkort/Barnavardscentralen-Breared-Varberg/,,live_2026-07-21,2026-08-26
SE162321000255-O17712,Barnavårdscentralen Brösarp,Region,False,"Brunnsviksvägen 4, Brösarp",0414-39 76 00,55.725012,14.0998533,12,1270,,12_SE162321000255-O17712,,,599,0.001667,371,https://www.1177.se/hitta-vard/kontaktkort/Barnavardscentralen-Brosarp/,,live_2026-07-21,2026-08-26
SE2321000115-F89101,"Barnavårdscentralen Bua, Väröbacka",Region,False,"Buavägen 32, Bua",0340-48 20 50,57.2365198,12.1272989,13,1383,,13_SE2321000115-F89101,,,972,0.001028,257,https://www.1177.se/hitta-vard/kontaktkort/Barnavardscentralen-Bua/,,live_2026-07-21,2026-08-26
SE162321000255-O18013,Barnavårdscentralen Bunkeflo,Region,False,"Klagshamnsvägen 46, Bunkeflostrand",040-623 95 83,55.5536839,12.919706,12,1280,,12_SE162321000255-O18013,,,10199,9.8e-05,782,https://www.1177.se/hitta-vard/kontaktkort/Barnavardscentralen-Bunkeflo/,,live_2026-07-21,2026-08-26
SE2321000115-F62315,"Barnavårdscentralen Bäckagård, Halmstad",Region,False,"Vårdcentralen Bäckagård, Bäckagårdsvägen 47, Halmstad",035-13 43 04,56.6625809,12.7817586,13,1380,,13_SE2321000115-F62315,,,4525,0.000221,844,https://www.1177.se/hitta-vard/kontaktkort/Barnavardscentralen-Backagard-Halmstad/,1177_hsa_2026-07-21,live_2026-07-21,2026-08-26
SE2321000115-F26822,"Barnavårdscentralen Capio Husläkarna Kungsbacka, Kungsbacka",Region,False,"Capio Husläkarna Kungsbacka, Nygatan 10 D, Kungsbacka",0300-56 67 66,57.485061,12.0762201,13,1384,,13_SE2321000115-F26822,,,3958,0.000253,143,https://www.1177.se/hitta-vard/kontaktkort/Barnavardscentralen-Capio-Huslakarna-Kungsbacka/,1177_hsa_2026-07-21,live_2026-07-21,2026-08-26
SE2321000115-F74024,"Barnavårdscentralen Capio Husläkarna Vallda, Vallda",Privat,False,"Capio Husläkarna Vallda, Valldavägen 29A, Vallda",0300-373 88,57.4818997,12.0079522,13,1384,,13_SE2321000115-F74024,,,5362,0.000186,667,https://www.1177.se/hitta-vard/kontaktkort/Barnavardscentralen-Capio-Huslakarna-Vallda/,,live_2026-07-21,2026-08-26
SE2321000115-F54485,"Barnavårdscentralen Capio Vårdcentral Falkenberg, Falkenberg",Region,False,"Capio Vårdcentral Falkenberg, Nygatan 64, Falkenberg",0346-71 50 80,56.8992426,12.4918974,13,1382,,13_SE2321000115-F54485,,,3488,0.000287,396,https://www.1177.se/hitta-vard/kontaktkort/Barnavardscentralen-Capio-Vardcentral-Falkenberg/,1177_hsa_2026-07-21,live_2026-07-21,2026-08-26
SE2321000115-F96037,"Barnavårdscentralen Capio Vårdcentral Halmstad, Halmstad",Region,False,"Capio Vårdcentral Halmstad, Brogatan 13, Halmstad",035-16 11 30,56.6744559,12.8545792,13,1380,,13_SE2321000115-F96037,,,6793,0.000147,194,https://www.1177.se/hitta-vard/kontaktkort/Barnavardscentralen-Capio-Vardcentral-Halmstad/,1177_hsa_2026-07-21,live_2026-07-21,2026-08-26
SE2321000065-7330028996003,Barnavårdscentralen Centrum,Region,False,"Västra Esplanaden 9 C, Växjö",0470-58 95 03,56.8817202,14.8014237,07,0780,,07_SE2321000065-7330028996003,,,4722,0.000212,387,https://www.1177.se/hitta-vard/kontaktkort/Barnavardscentralen-Centrum-Centrum-Vaxjo/,1177_hsa_2026-07-21,live_2026-07-21,2026-08-26
SE162321000255-O17572,Barnavårdscentralen Centrumkliniken,Region,True,"Kontinentgatan 4, Trelleborg",0410-35 98 95,55.3727343,13.1592814,12,1287,,12_SE162321000255-O17572,,,2554,0.000392,1514,https://www.1177.se/hitta-vard/kontaktkort/Barnavardscentralen-Centrumkliniken/,,live_2026-07-21,2026-08-26
SE2321000065-7330028996058,"Barnavårdscentralen Dalbo, Araby Dalbo centrum",Region,True,"Höstvägen 10 B, VÄXJÖ",0470-58 69 09,56.891393,14.7959463,07,0780,,07_SE2321000065-7330028996058,,,4799,0.000208,799,https://www.1177.se/hitta-vard/kontaktkort/Barnavardscentralen-Dalbo-Araby-Familjecentral/,1177_hsa_2026-07-21,live_2026-07-21,2026-08-26
SE162321000255-O17570,Barnavårdscentralen Delfinen,Region,True,"Stinsens trädgårdsgata 21, Höganäs",042-406 03 97,56.2017828,12.5600651,12,1284,,12_SE162321000255-O17570,,,2247,0.000445,375,https://www.1177.se/hitta-vard/kontaktkort/Barnavardscentralen-Delfinen/,,live_2026-07-21,2026-08-26
SE2321000180-4779,Barnavårdscentralen Domnarvet,Region,False,"Bergebyvägen 5, Borlänge sjukhus",0243-49 73 05,60.5033498,15.4650688,20,2081,,20_SE2321000180-4779,,,1874,0.000534,336,https://www.1177.se/hitta-vard/kontaktkort/Barnavardscentral-Domnarvet/,,live_2026-07-21,2026-08-26
,Barnavårdscentralen Edane,Region,False,,,59.629899,12.8219293,17,1784,,17_X0228,,,353,0.002826,170,,,,2026-08-26
SE162321000255-O17573,"Barnavårdscentralen Fagerängen, Trelleborg",Region,False,"Syster Jennys väg 2B, Trelleborg",0410-35 97 12,55.3718936,13.1896391,12,1287,,12_SE162321000255-O17573,,,1939,0.000515,489,https://www.1177.se/hitta-vard/kontaktkort/Barnavardscentralen-Fagerangen-Trelleborg/,,live_2026-07-21,2026-08-26
SE2321000115-F56589,"Barnavårdscentralen Falkenberg, Falkenberg",Region,False,"Vårdcentralen Falkenberg, Urmakaregatan 2, ingång B",0346-562 10,56.9076364,12.501361,13,1382,,13_SE2321000115-F56589,,,3753,0.000266,716,https://www.1177.se/hitta-vard/kontaktkort/Barnavardscentralen-Falkenberg/,,live_2026-07-21,2026-08-26
SE2321000032-4KK3,Barnavårdscentralen Familjecentralen Doktor.se Vingåker,Region,False,Sävstaholmsvägen 32-34,0151-52 54 00,59.0363786,15.8775364,04,0428,,04_SE2321000032-4KK3,,,906,0.001103,108,https://www.1177.se/hitta-vard/kontaktkort/Barnavardscentralen-Familjecentralen-Doktorse-Vingaker-Vingaker/,,live_2026-07-21,2026-08-26
SE2321000032-442Z,Barnavårdscentralen Familjecentralen Nävertorp Katrineholm,Region,False,"Kerstinbodagatan 37, 641 50 Katrineholm",0150-48 86 46,58.9840913,16.1835226,04,0483,,04_SE2321000032-442Z,,,1330,0.000752,229,https://www.1177.se/hitta-vard/kontaktkort/Barnavardscentralen-Familjecentralen-Navertorp-Katrineholm-Katrineholm/,,live_2026-07-21,2026-08-26
SE2321000032-42GM,Barnavårdscentralen Familjecentralen Strängnäs,Region,False,Eskilstunavägen 34,0152-260 70,59.377813,17.0062314,04,0486,,04_SE2321000032-42GM,,,714,0.0014,681,https://www.1177.se/hitta-vard/kontaktkort/Barnavardscentralen-Familjecentralen-Strangnas-Vardcentralen-Strangnas/,,live_2026-07-21,2026-08-26
SE2321000032-4CZX,Barnavårdscentralen Familjecentralen Torshälla,Region,False,Brogatan 13,016-10 41 36,59.4198685,16.4751455,04,0484,,04_SE2321000032-4CZX,,,2264,0.000442,518,https://www.1177.se/hitta-vard/kontaktkort/Barnavardscentralen-Familjecentralen-Torshalla-Eskilstuna/,1177_hsa_2026-07-21,live_2026-07-21,2026-08-26
SE2321000032-43QD,Barnavårdscentralen Familjecentralen Vårdcentralen Gnesta,Region,True,Nygatan 29,0158-524 35,59.0454791,17.3017478,04,0461,,04_SE2321000032-43QD,2026,2026,513,0.001949,288,https://www.1177.se/hitta-vard/kontaktkort/Barnavardscentralen-Familjecentralen-Vardcentralen-Gnesta-Gnesta/,1177_hsa_2026-07-21,live_2026-07-21,2026-08-26
SE162321000255-O13081,Barnavårdscentralen Familjens hus,Region,True,"Norra Parkgatan 23, Malmö",040-623 96 00,55.592923,13.0118382,12,1280,,12_SE162321000255-O13081,,,16638,6e-05,1047,https://www.1177.se/hitta-vard/kontaktkort/Barnavardscentralen-Familjens-hus/,,live_2026-07-21,2026-08-26
SE162321000156-4B4B,Barnavårdscentralen Filipstad,Region,False,"Vikhyttegatan 14, Filipstad",010-831 88 15,59.7126779,14.1781981,17,1782,,17_SE162321000156-4B4B,,,425,0.002351,457,https://www.1177.se/hitta-vard/kontaktkort/Barnavardscentralen-Filipstad/,1177_hsa_2026-07-21,live_2026-07-21,2026-08-26
SE2321000115-F72866,"Barnavårdscentralen Fjärås, Fjärås",Region,False,"Vårdcentralen Fjärås, Rajgräsvägen 1, Fjärås",0300-56 52 50,57.4623554,12.1715725,13,1384,,13_SE2321000115-F72866,,,2140,0.000467,620,https://www.1177.se/hitta-vard/kontaktkort/Barnavardscentralen-Fjaras/,,live_2026-07-21,2026-08-26
SE2321000115-F39093,"Barnavårdscentralen Fridlef Vårdcentral, Frillesås",Region,False,"Fridlef Vårdcentral, Torstensviksvägen 6, Frillesås",0340-20 12 00,57.3172343,12.1745196,13,1384,,13_SE2321000115-F39093,,,1300,0.000769,792,https://www.1177.se/hitta-vard/kontaktkort/Barnavardscentralen-Fridlef-Vardcentral-Frillesas/,,live_2026-07-21,2026-08-26
SE162321000255-O17580,Barnavårdscentralen Fröhuset Husensjö,Region,True,"Skaragatan 100, Helsingborg",042-406 04 81,56.049837,12.7263394,12,1283,,12_SE162321000255-O17580,,,8555,0.000117,347,https://www.1177.se/hitta-vard/kontaktkort/Barnavardscentralen-Frohuset-Husensjo/,,live_2026-07-21,2026-08-26
SE162321000255-O31350,Barnavårdscentralen Förslöv,Region,False,"Färgerivägen 2A, Förslöv",0431-58 71 46,56.3493926,12.8186076,12,1278,,12_SE162321000255-O31350,,,1987,0.000503,540,https://www.1177.se/hitta-vard/kontaktkort/Barnavardscentralen-Forslov/,,live_2026-07-21,2026-08-26
SE162321000255-O17634,Barnavårdscentralen Genarp,Region,False,"Norra Fäladsvägen 8, Genarp",046-275 17 54,55.5989043,13.3982259,12,1281,,12_SE162321000255-O17634,,,2092,0.000478,270,https://www.1177.sehttps://www.1177.se/hitta-vard/kontaktkort/Barnavardscentralen-Genarp/,,no_live_card_2026-07-21,2026-08-26
SE2321000115-F70386,"Barnavårdscentralen Getinge, Getinge",Region,False,"Vårdcentralen Getinge, Doktorsgatan 4, Getinge",035-16 24 70,56.8160489,12.7352406,13,1380,,13_SE2321000115-F70386,,,2581,0.000387,289,https://www.1177.se/hitta-vard/kontaktkort/Barnavardscentralen-Getinge/,,live_2026-07-21,2026-08-26
SE162321000255-O17645,"Barnavårdscentralen Granbacken, Malmö",Region,False,"Granbacksvägen 101, Malmö",040-623 47 31,55.5941394,13.0702303,12,1280,,12_SE162321000255-O17645,,,14714,6.8e-05,1077,https://www.1177.se/hitta-vard/kontaktkort/Barnavardscentralen-Granbacken-Malmo/,,live_2026-07-21,2026-08-26
,Barnavårdscentralen Grums,Region,False,,,59.3525786,13.1025689,17,1764,,17_X0246,,,1561,0.000641,115,,,,2026-08-26
SE162321000156-4B58,Barnavårdscentralen Grums,Region,False,Sveagatan 61,010-834 32 26,59.3490788,13.1089872,17,1764,,17_SE162321000156-4B58,,,1719,0.000581,378,https://www.1177.se/hitta-vard/kontaktkort/Barnavardscentralen-Grums/,,live_2026-07-21,2026-08-26
SE162321000255-O17578,Barnavårdscentralen Gullviksborg,Region,True,"Nydalatorget 2, Malmö",040-623 45 87,55.5739211,13.0210703,12,1280,,12_SE162321000255-O17578,,,17155,5.8e-05,1787,https://www.1177.se/hitta-vard/kontaktkort/Barnavardscentralen-Gullviksborg/,,live_2026-07-21,2026-08-26
SE2321000115-F98631,"Barnavårdscentralen Hertig Knut, Halmstad",Region,False,"Vårdcentralen Hertig Knut, Köpmansgatan 29, Halmstad",035-13 43 70,56.6759883,12.8572287,13,1380,,13_SE2321000115-F98631,,,6838,0.000146,811,https://www.1177.se/hitta-vard/kontaktkort/Barnavardscentralen-Hertig-Knut-Halmstad/,,live_2026-07-21,2026-08-26
SE2321000115-F70857,"Barnavårdscentralen Husläkarna Falkenberg, Falkenberg",Region,False,"Husläkarna Falkenberg, Skreavägen 15, Falkenberg",0346-45 40 30,56.8944153,12.5402634,13,1382,,13_SE2321000115-F70857,,,3607,0.000277,372,https://www.1177.se/hitta-vard/kontaktkort/Barnavardscentralen-Huslakarna-Falkenberg/,,live_2026-07-21,2026-08-26
SE162321000255-O37740,Barnavårdscentralen Häljarp,Region,False,"Fridhemsvägen 4, Häljarp",0418-65 14 12,55.851546,12.91521,12,1282,,12_SE162321000255-O37740,,,3465,0.000289,304,https://www.1177.se/hitta-vard/kontaktkort/Barnavardscentralen-Radstugan-filial-Haljarp/,osm_place:Häljarp,live_2026-07-21,2026-08-26
SE2321000115-F79005,"Barnavårdscentralen Håsten, Varberg",Region,False,"Vårdcentralen Håsten, Håstens torg 6, Varberg",0340-48 20 10,57.1120028,12.2795,13,1383,,13_SE2321000115-F79005,,,3973,0.000252,876,https://www.1177.se/hitta-vard/kontaktkort/Barnavardscentralen-Hasten-Varberg/,,live_2026-07-21,2026-08-26
SE162321000255-O17541,Barnavårdscentralen Hörby,Region,False,"Råbyvägen 41A, Hörby",0415-25 13 78,55.8455811,13.6703467,12,1266,,12_SE162321000255-O17541,,,660,0.001513,673,https://www.1177.se/hitta-vard/kontaktkort/Barnavardscentralen-Horby/,1177_hsa_2026-07-21,live_2026-07-21,2026-08-26
SE2321000065-7330028996027,Barnavårdscentralen Ingelstad,Region,False,"Helenetorpsvägen 2, INGELSTAD",0470-58 94 13,56.743913,14.9215423,07,0780,,07_SE2321000065-7330028996027,,,885,0.001129,358,https://www.1177.se/hitta-vard/kontaktkort/Barnavardscentralen-Ingelstad-Vardcentralen-Ingelstad/,,live_2026-07-21,2026-08-26
SE162321000255-O17543,Barnavårdscentralen Klippan,Region,True,"Tingsgatan 22, Klippan",0435-66 62 95,56.135593,13.126611,12,1276,,12_SE162321000255-O17543,,,2821,0.000354,531,https://www.1177.se/hitta-vard/kontaktkort/Barnavardscentralen-Klippan/,,live_2026-07-21,2026-08-26
SE2321000016-52BG,Barnavårdscentralen Knoppen AB,Region,False,"Åstorpsringen 6, ENSKEDEDALEN",070-247 47 16,59.2885999,18.0987287,01,0180,,01_SE2321000016-52BG,,,17608,5.7e-05,2263,https://www.1177.se/hitta-vard/kontaktkort/BVC-Knoppen-Dalen/,1177_hsa_2026-07-21,live_2026-07-21,2026-08-26
SE2321000115-F67778,"Barnavårdscentralen Kolla, Kungsbacka",Region,False,"Granittorget 1, Kungsbacka",0300-56 26 50,57.4772008,12.0690641,13,1384,,13_SE2321000115-F67778,,,4346,0.00023,724,https://www.1177.se/hitta-vard/kontaktkort/Barnavardscentralen-Kolla-Kungsbacka/,1177_hsa_2026-07-21,live_2026-07-21,2026-08-26
SE162321000156-4B5H,Barnavårdscentralen Kronoparken Karlstad,Region,False,"Sommargatan 110, Karlstad",010-831 94 83,59.4056401,13.5793727,17,1780,,17_SE162321000156-4B5H,,,4409,0.000227,1474,https://www.1177.se/hitta-vard/kontaktkort/Barnavardscentralen-Kronoparken-Karlstad/,,live_2026-07-21,2026-08-26
SE2321000115-F71478,"Barnavårdscentralen Kungsbacka, Kungsbacka",Region,False,"Vårdcentralen Kungsbacka, Sjukstugegatan 18, ingång 2",0300-56 52 40,57.4941803,12.0842082,13,1384,,13_SE2321000115-F71478,,,3618,0.000276,245,https://www.1177.se/hitta-vard/kontaktkort/Barnavardscentralen-Kungsbacka/,,live_2026-07-21,2026-08-26
SE162321000255-O17585,Barnavårdscentralen Kärråkra,Region,False,"Trollenäsvägen 2, Eslöv",0413-35 10 60,55.8441782,13.2867098,12,1285,,12_SE162321000255-O17585,,,2293,0.000436,534,https://www.1177.se/hitta-vard/kontaktkort/Barnavardscentralen-Karrakra/,,live_2026-07-21,2026-08-26
SE162321000255-O17545,Barnavårdscentralen Kävlinge,Region,False,"Kvarngatan 21, Kävlinge",046-275 20 00,55.7906969,13.1127161,12,1261,,12_SE162321000255-O17545,,,3578,0.000279,1252,https://www.1177.se/hitta-vard/kontaktkort/Barnavardscentralen-Kavlinge/,,live_2026-07-21,2026-08-26
SE2321000115-F42773,"Barnavårdscentralen Lagaholmskliniken, Laholm",Region,False,"Lagaholmskliniken, Stortorget 6B, Laholm",0430-493 32,56.5138828,13.0442248,13,1381,,13_SE2321000115-F42773,,,2657,0.000376,409,https://www.1177.se/hitta-vard/kontaktkort/Barnavardscentralen-Lagaholmskliniken-Laholm/,,live_2026-07-21,2026-08-26
,Barnavårdscentralen Lagan,Region,False,,,56.9195212,13.9965444,07,0781,,07_X0263,,,1570,0.000637,75,,,,2026-08-26
SE2321000065-7330028996157,"Barnavårdscentralen Lagan, Barnavårdscentralen",Region,True,"Hjortstigen 1, Lagan.",070-984 47 19,56.9148333,13.9833054,07,0781,,07_SE2321000065-7330028996157,,,1717,0.000582,180,https://www.1177.se/hitta-vard/kontaktkort/Barnavardscentralen-Lagan-familjecentral-Barnavardscentralen-Lagan/,,live_2026-07-21,2026-08-26
SE2321000115-F98952,"Barnavårdscentralen Laholmshälsan, Laholm",Region,False,"Laholmshälsan, Glänningeleden 5, Laholm",0430-787 80,56.5027218,13.0517036,13,1381,,13_SE2321000115-F98952,,,2546,0.000393,577,https://www.1177.se/hitta-vard/kontaktkort/Barnavardscentralen-Laholmshalsan-Laholm/,,live_2026-07-21,2026-08-26
SE162321000255-O17608,Barnavårdscentralen Landborgen,Region,False,"Tågagatan 47, Helsingborg",042-406 04 24,56.0570976,12.6919862,12,1283,,12_SE162321000255-O17608,,,8388,0.000119,832,https://www.1177.se/hitta-vard/kontaktkort/Barnavardscentralen-Landborgen/,,live_2026-07-21,2026-08-26
SE162321000255-O17586,Barnavårdscentralen Laröd,Region,False,"Travvägen 27, Helsingborg",042-406 08 50,56.0943023,12.6569925,12,1283,,12_SE162321000255-O17586,,,5702,0.000175,307,https://www.1177.se/hitta-vard/kontaktkort/Barnavardscentralen-Larod/,,live_2026-07-21,2026-08-26
SE2321000115-F29445,"Barnavårdscentralen Laurentiuskliniken, Falkenberg",Region,False,"Laurentiuskliniken, Holgersgatan 25A, Falkenberg",0346-71 35 35,56.9028328,12.4879487,13,1382,,13_SE2321000115-F29445,,,3710,0.000269,388,https://www.1177.se/hitta-vard/kontaktkort/Barnavardscentralen-Laurentiuskliniken-Falkenberg/,,live_2026-07-21,2026-08-26
SE162321000255-O17587,"Barnavårdscentralen Laxen, Ängelholm",Region,False,"Sockerbruksgatan 8, Ängelholm",0431-58 70 78,56.2464814,12.8573398,12,1292,,12_SE162321000255-O17587,,,1928,0.000519,49,https://www.1177.se/hitta-vard/kontaktkort/Barnavardscentralen-Laxen-Angelholm/,,live_2026-07-21,2026-08-26
SE162321000255-O18015,Barnavårdscentralen Limhamn,Region,False,"Övägen 1A, Limhamn",040-623 95 71,55.5870528,12.9277347,12,1280,,12_SE162321000255-O18015,,,10720,9.3e-05,1048,https://www.1177.se/hitta-vard/kontaktkort/Barnavardscentralen-Limhamn/,,live_2026-07-21,2026-08-26
SE162321000255-O17589,Barnavårdscentralen Linero,Region,False,"Linero torg 2, Lund",046-275 20 62,55.6951553,13.242241,12,1281,,12_SE162321000255-O17589,,,10270,9.7e-05,694,https://www.1177.se/hitta-vard/kontaktkort/Barnavardscentralen-Linero/,,live_2026-07-21,2026-08-26
SE162321000255-O17546,Barnavårdscentralen Ljungbyhed,Region,False,"Infanterigatan 10, Ljungbyhed",072-599 93 86,56.0747512,13.2374792,12,1276,,12_SE162321000255-O17546,,,1276,0.000783,344,https://www.1177.se/hitta-vard/kontaktkort/Barnavardscentralen-Ljungbyhed/,,live_2026-07-21,2026-08-26
SE2321000115-F42177,"Barnavårdscentralen Lugnetkliniken, Varberg",Region,False,"Lugnetkliniken, Lindbergsvägen 2C, Varberg",0340-381 81,57.1239128,12.2674779,13,1383,,13_SE2321000115-F42177,,,4085,0.000245,1064,https://www.1177.se/hitta-vard/kontaktkort/Barnavardscentralen-Lugnetkliniken-Varberg/,,live_2026-07-21,2026-08-26
SE2321000115-F24231,"Barnavårdscentralen Läjeskliniken, Träslövsläge",Region,False,"Läjeskliniken, Nätvägen 1, Träslövsläge",0340-67 01 40,57.0548831,12.2967605,13,1383,,13_SE2321000115-F24231,,,3226,0.00031,241,https://www.1177.se/hitta-vard/kontaktkort/Barnavardscentralen-Lajeskliniken-Traslovslage/,,live_2026-07-21,2026-08-26
SE162321000255-O17548,Barnavårdscentralen Löddeköpinge,Region,False,"Bagerivägen 15, Löddeköpinge",046-275 21 50,55.7598628,13.0159977,12,1261,,12_SE162321000255-O17548,,,4658,0.000215,309,https://www.1177.se/hitta-vard/kontaktkort/Barnavardscentralen-Loddekopinge/,,live_2026-07-21,2026-08-26
SE2321000065-7330028996140,Barnavårdscentralen Markaryd,Region,True,"Kungsgatan 34, MARKARYD",0433-56 41 30,56.4615226,13.5973447,07,0767,,07_SE2321000065-7330028996140,,,1544,0.000648,456,https://www.1177.se/hitta-vard/kontaktkort/Barnavardscentralen-Markaryd-Familjecentral-Kungsgatan-34-Markaryd/,,live_2026-07-21,2026-08-26
SE162321000255-O17592,Barnavårdscentralen Måsen,Region,False,"Tärnvägen 10B, Lund",046-275 19 29,55.7077673,13.1718527,12,1281,,12_SE162321000255-O17592,,,9776,0.000102,269,https://www.1177.se/hitta-vard/kontaktkort/Barnavardscentralen-Masen/,,live_2026-07-21,2026-08-26
SE162321000255-O17581,Barnavårdscentralen Nallen,Region,False,"Höjagatan 21, Malmö",040-623 47 22,55.5802455,13.0676391,12,1280,,12_SE162321000255-O17581,,,17061,5.9e-05,432,https://www.1177.se/hitta-vard/kontaktkort/Barnavardscentralen-Nallen-Malmo/,,live_2026-07-21,2026-08-26
SE2321000115-F48775,"Barnavårdscentralen Neptunuskliniken, Varberg",Region,False,"Neptunuskliniken, Bäckgatan 10, Varberg",0340-48 33 20,57.1049364,12.2492137,13,1383,,13_SE2321000115-F48775,,,3427,0.000292,346,https://www.1177.se/hitta-vard/kontaktkort/Barnavardscentralen-Neptunuskliniken-Varberg/,,live_2026-07-21,2026-08-26
SE162321000255-O17593,Barnavårdscentralen Norra Fäladen,Region,True,"Fäladstorget 2, Lund",046-275 21 30,55.7235967,13.2045414,12,1281,,12_SE162321000255-O17593,,,9592,0.000104,841,https://www.1177.se/hitta-vard/kontaktkort/Barnavardscentralen-Norra-Faladen/,,live_2026-07-21,2026-08-26
SE2321000115-F65126,"Barnavårdscentralen Nya Säröledens Familjeläkare, Billdal",Privat,False,"Nya Säröledens Familjeläkare, Kungsporten 5B, Billdal",031-67 22 63,57.5608071,11.9622613,13,1384,,13_SE2321000115-F65126,,,9150,0.000109,902,https://www.1177.se/hitta-vard/kontaktkort/Barnavardscentralen-Nya-Saroledens-Familjelakare-Billdal/,,live_2026-07-21,2026-08-26
SE2321000115-F63718,"Barnavårdscentralen Nyhem, Halmstad",Region,False,"Vårdcentralen Nyhem, Långgatan 32, Halmstad",035-13 45 04,56.6664952,12.8796298,13,1380,,13_SE2321000115-F63718,,,7279,0.000137,932,https://www.1177.se/hitta-vard/kontaktkort/Barnavardscentralen-Nyhem-Halmstad/,,live_2026-07-21,2026-08-26
SE162321000255-O37741,Barnavårdscentralen Närlunda,Region,False,"Närlundavägen 16B, Helsingborg",042-406 06 60,56.0347482,12.7185421,12,1283,,12_SE162321000255-O37741,,,8987,0.000111,0,https://www.1177.se/hitta-vard/kontaktkort/Barnavardscentralen-Ramlosa-filial-Narlunda-Helsingborg/,,live_2026-07-21,2026-08-26
SE162321000255-O17597,Barnavårdscentralen Nöbbelöv,Region,False,"Nöbbelövs torg 1A, Lund",046-275 22 50,55.7282211,13.1775081,12,1281,,12_SE162321000255-O17597,,,9315,0.000107,675,https://www.1177.se/hitta-vard/kontaktkort/Barnavardscentralen-Nobbelov/,,live_2026-07-21,2026-08-26
SE162321000255-O17574,Barnavårdscentralen Oliven,Region,True,"Blåkullagatan 11C, Helsingborg",042-406 02 36,56.063013,12.728895,12,1283,,12_SE162321000255-O17574,,,8992,0.000111,867,https://www.1177.se/hitta-vard/kontaktkort/Barnavardscentralen-Oliven/,,live_2026-07-21,2026-08-26
SE2321000115-F96148,"Barnavårdscentralen Onsala, Onsala",Region,False,"Vårdcentralen Onsala, Mariedalsvägen 6, Onsala",0300-56 92 10,57.4127786,12.0166481,13,1384,,13_SE2321000115-F96148,,,1852,0.00054,748,https://www.1177.se/hitta-vard/kontaktkort/Barnavardscentralen-Onsala/,,live_2026-07-21,2026-08-26
SE2321000115-F41118,"Barnavårdscentralen Oskarström, Oskarström",Region,False,"Vårdcentralen Oskarström, Parkvägen 4, Oskarström",035-14 62 00,56.8119846,12.9618441,13,1380,,13_SE2321000115-F41118,,,1753,0.00057,69,https://www.1177.se/hitta-vard/kontaktkort/Barnavardscentralen-Oskarstrom/,,live_2026-07-21,2026-08-26
SE162321000255-O17598,Barnavårdscentralen Oxie,Region,False,"Keramikvägen 3C, Oxie",040-623 49 87,55.5390558,13.0955252,12,1280,,12_SE162321000255-O17598,,,9595,0.000104,1082,https://www.1177.se/hitta-vard/kontaktkort/Barnavardscentralen-Oxie/,,live_2026-07-21,2026-08-26
SE162321000255-O17599,Barnavårdscentralen Planteringen,Region,True,"Wienergatan 5, Helsingborg",042-406 05 66,56.0276971,12.7100438,12,1283,,12_SE162321000255-O17599,,,8069,0.000124,456,https://www.1177.se/hitta-vard/kontaktkort/Barnavardscentralen-Planteringen/,,live_2026-07-21,2026-08-26
SE162321000255-O17601,Barnavårdscentralen Ramlösa,Region,False,"Närlundavägen 16B, Helsingborg",042-406 06 00,56.0348524,12.7186098,12,1283,,12_SE162321000255-O17601,,,8250,0.000121,728,https://www.1177.se/hitta-vard/kontaktkort/Barnavardscentralen-Ramlosa-filial-Narlunda-Helsingborg/,1177_hsa_2026-07-21,live_2026-07-21,2026-08-26
SE2321000040-7PFC,"Barnavårdscentralen Rimforsa, Vårdcentralen Kisa",Region,False,"Sandbacken 1, Rimforsa",010-103 59 18,58.1385359,15.6851363,05,0513,,05_SE2321000040-7PFC,,,666,0.0015,411,https://www.1177.se/hitta-vard/kontaktkort/Barnavardscentralen-Rimforsa-Vardcentralen-Kisa/,,live_2026-07-21,2026-08-26
,"Barnavårdscentralen Ringdansen, Vårdcentralen Cityhälsan Söder",Region,False,,,58.5579347,16.2238497,05,0581,,05_X0292,,,4480,0.000223,403,,,,2026-08-26
SE2321000016-15D2,Barnavårdscentralen Rotebro,Region,False,"Kung Hans väg 12A, Sollentuna",08-123 360 85,59.4753543,17.9131779,01,0163,,01_SE2321000016-15D2,,,6125,0.000163,1520,https://www.1177.se/hitta-vard/kontaktkort/Rotebro-BVC/,1177_hsa_2026-07-21,live_2026-07-21,2026-08-26
SE2321000065-7330028996041,Barnavårdscentralen Rottne,Privat,False,"Löpanäsvägen 5, ROTTNE",0470-58 99 60,57.0231344,14.8902326,07,0780,,07_SE2321000065-7330028996041,,,1145,0.000873,358,https://www.1177.se/hitta-vard/kontaktkort/Barnavardscentralen-Rottne-Vardcentralen-Rottne/,1177_hsa_2026-07-21,live_2026-07-21,2026-08-26
SE162321000255-O17602,Barnavårdscentralen Rydebäck,Region,False,"Rydebäcks stationsgata 1, Rydebäck",042-406 05 45,55.9666177,12.7760264,12,1283,,12_SE162321000255-O17602,,,6550,0.000153,803,https://www.1177.se/hitta-vard/kontaktkort/Barnavardscentralen-Rydeback/,,live_2026-07-21,2026-08-26
SE162321000255-O17643,Barnavårdscentralen Rådstugan,Region,True,"Fridhemsvägen 4, Häljarp",0418-65 14 50,55.8551646,12.9133969,12,1282,,12_SE162321000255-O17643,,,4069,0.000246,389,https://www.1177.se/hitta-vard/kontaktkort/Barnavardscentralen-Radstugan-filial-Haljarp/,1177_hsa_2026-07-21,live_2026-07-21,2026-08-26
SE162321000255-O17604,Barnavårdscentralen Råå,Region,False,"Kielergatan 23, Råå",042-406 00 63,56.0037048,12.7321488,12,1283,,12_SE162321000255-O17604,,,6939,0.000144,317,https://www.1177.se/hitta-vard/kontaktkort/Barnavardscentralen-Raa/,,live_2026-07-21,2026-08-26
SE2321000016-1663,Barnavårdscentralen S:t Erik,Region,False,"Fleminggatan 24A, STOCKHOLM",08-502 562 85,59.3335036,18.0411449,01,0180,,01_SE2321000016-1663,,,18765,5.3e-05,1071,https://www.1177.se/hitta-vard/kontaktkort/Barnavardscentralen-St-Erik-Kungsholmen/,,live_2026-07-21,2026-08-26
,Barnavårdscentralen Sjöcrona,Region,False,,,56.196196,12.5768958,12,1284,,12_X0299,,,2164,0.000462,666,,,,2026-08-26
SE162321000255-O17551,Barnavårdscentralen Skurup,Region,True,"Lillgatan 3, Skurup",0411-89 75 30,55.4755383,13.5087853,12,1264,,12_SE162321000255-O17551,,,1407,0.00071,978,https://www.1177.se/hitta-vard/kontaktkort/Barnavardscentralen-Skurup/,,live_2026-07-21,2026-08-26
SE2321000115-F39674,"Barnavårdscentralen Slöinge, Slöinge",Region,False,"Vårdcentralen Slöinge, Björkgatan 3B, Slöinge",0346-571 70,56.8554901,12.6853091,13,1382,,13_SE2321000115-F39674,,,2912,0.000343,276,https://www.1177.se/hitta-vard/kontaktkort/Barnavardscentralen-Sloinge/,1177_hsa_2026-07-21,live_2026-07-21,2026-08-26
SE2321000115-F56578,"Barnavårdscentralen Stenblomman, Kungsbacka",Region,False,"Stenblommans Vårdcentral, Teknikgatan 18, Kungsbacka",0300-56 26 26,57.4990055,12.0711706,13,1384,,13_SE2321000115-F56578,,,5080,0.000197,300,https://www.1177.se/hitta-vard/kontaktkort/Barnavardscentralen-Stenblomman-Kungsbacka/,,live_2026-07-21,2026-08-26
SE2321000131-F000000001311,Barnavårdscentralen Sävedalens Vårdcentral och BVC,Region,False,"Göteborgsvägen 74, 433 63, Sävedalen",031-383 04 64,57.7326764,12.0727032,14,1402,,14_SE2321000131-F000000001311,,,14524,6.9e-05,277,https://www.1177.se/hitta-vard/kontaktkort/Barnavardscentralen-Savedalens-Vardcentral-och-BVC-Partille/,,live_2026-07-21,2026-08-26
SE162321000255-O17609,Barnavårdscentralen Södertull,Region,False,"Helgeandsgatan 16, Lund",046-275 18 91,55.6979843,13.1915042,12,1281,,12_SE162321000255-O17609,,,11436,8.7e-05,492,https://www.1177.se/hitta-vard/kontaktkort/Barnavardscentralen-Sodertull/,,live_2026-07-21,2026-08-26
SE162321000255-O17554,Barnavårdscentralen Södra Sandby,Region,False,"Trissogatan 1, Södra Sandby",046-275 23 22,55.7172513,13.3452525,12,1281,,12_SE162321000255-O17554,,,5125,0.000195,643,https://www.1177.se/hitta-vard/kontaktkort/Barnavardscentralen-Sodra-Sandby/,,live_2026-07-21,2026-08-26
SE2321000065-7330028996010,Barnavårdscentralen Teleborg,Region,True,"Södra Vallviksvägen 1, Växjö",0470-58 67 38,56.8553126,14.8199992,07,0780,,07_SE2321000065-7330028996010,,,3940,0.000254,1119,https://www.1177.se/hitta-vard/kontaktkort/Barnavardscentralen-Teleborg-Vardcentralen-Teleborg/,,live_2026-07-21,2026-08-26
SE2321000065-7330028996126,Barnavårdscentralen Tingsryd,Region,True,"Storgatan 87, 362 01 Tingsryd",0477-79 48 54,56.5230032,14.9812251,07,0763,,07_SE2321000065-7330028996126,,,604,0.001654,341,https://www.1177.se/hitta-vard/kontaktkort/Barnavardscentralen-Tingsryd-Barnavardcentralen-Tingsryd/,,live_2026-07-21,2026-08-26
SE162321000255-O17556,Barnavårdscentralen Tollarp,Region,False,"Särlagatan 15, Tollarp",044-309 03 93,55.9341566,13.972779,12,1290,,12_SE162321000255-O17556,,,1035,0.000966,384,https://www.1177.se/hitta-vard/kontaktkort/Barnavardscentralen-Tollarp/,1177_hsa_2026-07-21,live_2026-07-21,2026-08-26
SE2321000115-F91222,"Barnavårdscentralen Tvååker, Tvååker",Region,False,"Vårdcentralen Tvååker, Fogdevägen 1, Tvååker",0340-48 22 15,57.0421117,12.4078415,13,1383,,13_SE2321000115-F91222,,,2152,0.000465,413,https://www.1177.se/hitta-vard/kontaktkort/Barnavardscentralen-Tvaaker/,1177_hsa_2026-07-21,live_2026-07-21,2026-08-26
SE2321000115-F70947,"Barnavårdscentralen Ullared, Ullared",Region,False,"Vårdcentralen Ullared, Falkenbergsvägen 1, Ullared",0346-563 74,57.1351132,12.7194227,13,1382,,13_SE2321000115-F70947,,,250,0.004,286,https://www.1177.se/hitta-vard/kontaktkort/Barnavardscentralen-Ullared/,,live_2026-07-21,2026-08-26
SE2321000032-5245,Barnavårdscentralen VC Achima Care Fristaden Eskilstuna,Privat,False,Rademachergatan 1,016-585 80 60,59.3703277,16.5175647,04,0484,,04_SE2321000032-5245,,,3517,0.000284,401,https://www.1177.se/hitta-vard/kontaktkort/Barnavardscentralen-VC-Achima-Care-Fristaden-Eskilstuna-Eskilstuna/,,live_2026-07-21,2026-08-26
SE2321000115-F62025,"Barnavårdscentralen Vallås, Halmstad",Privat,False,"Vårdcentralen Vallås, Vallås Torg 14, Halmstad, ingång från kortsidan mot parkering",035-13 45 65,56.6772587,12.9088831,13,1380,,13_SE2321000115-F62025,,,6862,0.000146,926,https://www.1177.se/hitta-vard/kontaktkort/Barnavardscentralen-Vallas-Halmstad/,,live_2026-07-21,2026-08-26
SE2321000115-F13437,"Barnavårdscentralen Veddige, Veddige",Region,False,"Vårdcentralen Veddige, Västra Ringvägen 11, Veddige",0340-48 20 50,57.2640159,12.3212189,13,1383,,13_SE2321000115-F13437,,,1408,0.00071,350,https://www.1177.sehttps://www.1177.se/hitta-vard/kontaktkort/Barnavardscentralen-Veddige/,,identity_mismatch_2026-07-21,2026-08-26
SE162321000255-O17558,Barnavårdscentralen Vellinge,Region,True,"Stortorget 6, Vellinge",040-623 94 40,55.4709618,13.0206829,12,1233,,12_SE162321000255-O17558,,,5104,0.000196,1348,https://www.1177.se/hitta-vard/kontaktkort/Barnavardscentralen-Vellinge/,,live_2026-07-21,2026-08-26
SE2321000115-F14923,"Barnavårdscentralen Vessigebro, Vessigebro",Region,False,"Vårdcentralen Vessigebro, Ringvägen 15, Vessigebro",0346-571 00,56.9766374,12.6453398,13,1382,,13_SE2321000115-F14923,,,1319,0.000758,245,https://www.1177.se/hitta-vard/kontaktkort/Barnavardscentralen-Vessigebro/,,live_2026-07-21,2026-08-26
SE162321000255-O17559,Barnavårdscentralen Vinslöv,Region,False,"Vannebergavägen 34, Vinslöv",044-309 04 76,56.0946742,13.9091855,12,1293,,12_SE162321000255-O17559,,,2249,0.000445,497,https://www.1177.se/hitta-vard/kontaktkort/Barnavardscentralen-Vinslov/,,live_2026-07-21,2026-08-26
SE162321000255-O17724,Barnavårdscentralen Vä,Region,False,"Ubbes väg 7, Kristianstad",044-309 04 31,56.001273,14.0948984,12,1290,,12_SE162321000255-O17724,,,2865,0.000349,792,https://www.1177.se/hitta-vard/kontaktkort/Barnavardscentralen-Va/,,live_2026-07-21,2026-08-26
SE2321000032-3XHY,Barnavårdscentralen Vårdcentralen Achima Care Eskilstuna,Unknown,False,Ekebyvägen 1,016-10 49 12,59.3764196,16.4540947,04,0484,,04_SE2321000032-3XHY,,,3115,0.000321,1058,https://www.1177.se/hitta-vard/kontaktkort/Barnavardscentralen-Vardcentralen-Achima-Care-Eskilstuna-Eskilstuna/,1177_hsa_2026-07-21,live_2026-07-21,2026-08-26
SE2321000032-4CZJ,"Barnavårdscentralen Vårdcentralen Bagaregatan Nyköping, Region Sörmland",Region,False,Bagaregatan 3 D,0155-24 56 70,58.7484754,17.0062347,04,0480,,04_SE2321000032-4CZJ,,,2576,0.000388,0,https://www.1177.se/hitta-vard/kontaktkort/Barnavardscentralen-Vardcentralen-Bagaregatan-Nykoping-Region-Sormland/,,live_2026-07-21,2026-08-26
SE2321000032-4CZV,Barnavårdscentralen Vårdcentralen Ekensberg Nyköping,Region,False,Hälsovägen 1,0155-24 55 40,58.7606816,17.0341502,04,0480,,04_SE2321000032-4CZV,,,2509,0.000398,1431,https://www.1177.se/hitta-vard/kontaktkort/Barnavardscentralen-Vardcentralen-Ekensberg-Nykoping-Nykoping/,,live_2026-07-21,2026-08-26
SE2321000032-4CZT,Barnavårdscentralen Vårdcentralen Fröslunda Eskilstuna,Region,True,"Sturegatan 9, Eskilstuna",016-10 42 36,59.3560224,16.499874,04,0484,,04_SE2321000032-4CZT,2026,2026,3386,0.000295,1659,https://www.1177.se/hitta-vard/kontaktkort/Barnavardscentralen-Vardcentralen-Froslunda-Eskilstuna-Eskilstuna/,1177_hsa_2026-07-21,live_2026-07-21,2026-08-26
SE2321000032-4D3Q,"Barnavårdscentralen Vårdcentralen Linden Katrineholm, Katrineholm",Region,False,"Kullbergska sjukhuset, Djulögatan 72",0150-722 75,58.9919043,16.220412,04,0483,,04_SE2321000032-4D3Q,,,1414,0.000707,625,https://www.1177.se/hitta-vard/kontaktkort/Barnavardscentralen-Vardcentralen-Linden-Katrineholm-Katrineholm/,1177_hsa_2026-07-21,live_2026-07-21,2026-08-26
SE2321000032-43PH,Barnavårdscentralen Vårdcentralen Malmköping,Region,False,Siegrothsvägen 14,0157-184 51,59.1348734,16.7344275,04,0482,,04_SE2321000032-43PH,2026,2026,422,0.002365,205,https://www.1177.se/hitta-vard/kontaktkort/Barnavardscentralen-Vardcentralen-Malmkoping-Flen/,1177_hsa_2026-07-21,live_2026-07-21,2026-08-26
,Barnavårdscentralen Vårdcentralen Stadsfjärden Nyköping,Unknown,False,,,58.7597581,16.9953724,04,0480,,04_X0326,,,2457,0.000407,980,,,,2026-08-26
SE162321000156-4G8J,Barnavårdscentralen vårdcentralen Eda,Region,False,"Petersborgsvägen 1 A, Charlottenberg",010-832 84 13,59.883004,12.3081698,17,1730,,17_SE162321000156-4G8J,,,376,0.002654,474,https://www.1177.se/hitta-vard/kontaktkort/Barnavardscentralen-vardcentralen-Eda/,1177_hsa_2026-07-21,live_2026-07-21,2026-08-26
SE162321000156-4B54,Barnavårdscentralen vårdcentralen Forshaga,Region,False,"Järnvägsgatan 27, Forshaga",010-831 89 20,59.5313528,13.480231,17,1763,,17_SE162321000156-4B54,,,1779,0.000562,740,https://www.1177.se/hitta-vard/kontaktkort/Barnavardscentralen-vardcentralen-Forshaga/,1177_hsa_2026-07-21,live_2026-07-21,2026-08-26
SE162321000255-O17560,Barnavårdscentralen Åhus,Region,False,"Sandvaktaregatan 15, Åhus",044-309 01 45,55.9287254,14.285766,12,1290,,12_SE162321000255-O17560,,,1306,0.000765,757,https://www.1177.se/hitta-vard/kontaktkort/Barnavardscentralen-Ahus/,,live_2026-07-21,2026-08-26
SE162321000255-O37742,Barnavårdscentralen Åparken,Region,False,"Malmövägen 15, Tyringe",0451-29 80 74,56.1581707,13.6025453,12,1293,,12_SE162321000255-O37742,,,1680,0.000595,421,https://www.1177.se/hitta-vard/kontaktkort/Barnavardscentralen-T4-Hassleholm-filial-Aparken-Tyringe/,,live_2026-07-21,2026-08-26
SE162321000255-O17561,Barnavårdscentralen Åstorp,Region,True,"Esplanaden 32, Åstorp",042-406 01 65,56.1357802,12.9444333,12,1277,,12_SE162321000255-O17561,,,8631,0.000116,655,https://www.1177.se/hitta-vard/kontaktkort/Barnavardscentralen-Astorp/,,live_2026-07-21,2026-08-26
SE162321000255-O17562,Barnavårdscentralen Örkelljunga,Region,True,"Marknadsgatan 2, Örkelljunga",0435-66 62 20,56.2843191,13.2786605,12,1257,,12_SE162321000255-O17562,,,1358,0.000736,364,https://www.1177.se/hitta-vard/kontaktkort/Barnavardscentralen-Orkelljunga/,,live_2026-07-21,2026-08-26
SE2321000040-5BH8,"Barnavårdscentralen, Capio Vårdcentral Johannelund AB",Region,False,"Skogslyckegatan 5 B, Linköping",010-105 94 40,58.395496,15.663151,05,0580,,05_SE2321000040-5BH8,,,4503,0.000222,202,https://www.1177.se/hitta-vard/kontaktkort/Barnavardscentralen-Capio-Vardcentral-Johannelund-AB/,,live_2026-07-21,2026-08-26
SE2321000040-7PHR,"Barnavårdscentralen, Capio Vårdcentral Vasastaden",Region,False,"Erdtmans gata 3, 1 trappa ned, Linköping",010-105 96 01,58.4195425,15.6091398,05,0580,,05_SE2321000040-7PHR,,,4989,0.0002,784,https://www.1177.se/hitta-vard/kontaktkort/Barnavardscentralen-Capio-Vardcentral-Vasastaden/,,live_2026-07-21,2026-08-26
SE2321000040-79ZG,"Barnavårdscentralen, Doktor.se Vårdcentralen Mirum",Region,False,"Lidaleden 12, Norrköping",011-496 11 08,58.5734027,16.2095816,05,0581,,05_SE2321000040-79ZG,,,5341,0.000187,942,https://www.1177.se/hitta-vard/kontaktkort/Barnavardscentralen-Doktorse-Vardcentralen-Mirum/,1177_hsa_2026-07-21,live_2026-07-21,2026-08-26
,"Barnavårdscentralen, Kry Vårdcentral Östertull",Region,False,,,58.5881581,16.2029598,05,0581,,05_X0338,,,5407,0.000185,779,,,,2026-08-26
SE2321000040-5LLL,"Barnavårdscentralen, Vårdcentralen Boxholm",Region,False,"Postgatan 3A, Boxholm",010-105 99 30,58.1968601,15.0550188,05,0560,,05_SE2321000040-5LLL,,,1064,0.00094,362,https://www.1177.se/hitta-vard/kontaktkort/Barnavardscentralen-Vardcentralen-Boxholm/,,live_2026-07-21,2026-08-26
SE2321000040-59WJ,"Barnavårdscentralen, Vårdcentralen Cityhälsan Centrum",Region,False,"Gamla Lasarettsgatan 18, Norrköping",010-105 91 40,58.5832014,16.1784572,05,0581,,05_SE2321000040-59WJ,,,5329,0.000188,675,https://www.1177.se/hitta-vard/kontaktkort/Barnavardscentralen-Vardcentralen-Cityhalsan-Centrum/,1177_hsa_2026-07-21,live_2026-07-21,2026-08-26
SE2321000040-4HHK,"Barnavårdscentralen, Vårdcentralen Cityhälsan Söder",Region,False,"Södra Torget 2, Norrköping",010-105 92 20,58.5750838,16.2030696,05,0581,,05_SE2321000040-4HHK,,,4898,0.000204,317,https://www.1177.se/hitta-vard/kontaktkort/Barnavardscentralen-Vardcentralen-Cityhalsan-Soder/,1177_hsa_2026-07-21,live_2026-07-21,2026-08-26
SE2321000040-59TL,"Barnavårdscentralen, Vårdcentralen Ekholmen",Region,False,"Ekholmsvägen 7, Linköping",010-105 96 06,58.3773723,15.6806331,05,0580,,05_SE2321000040-59TL,,,4022,0.000249,1719,https://www.1177.se/hitta-vard/kontaktkort/Barnavardscentralen-Vardcentralen-Ekholmen/,,live_2026-07-21,2026-08-26
SE2321000040-5CD6,"Barnavårdscentralen, Vårdcentralen Finspång",Region,False,"Vårdcentrum Finspång, Brinells väg 9, Finspång",010-104 26 23,58.7060805,15.7705339,05,0562,,05_SE2321000040-5CD6,,,409,0.002444,1134,https://www.1177.se/hitta-vard/kontaktkort/Barnavardscentralen-Vardcentralen-Finspang/,1177_hsa_2026-07-21,live_2026-07-21,2026-08-26
,"Barnavårdscentralen, Vårdcentralen Kisa",Region,False,,,57.9930968,15.6370023,05,0513,,05_X0344,,,625,0.0016,65,,,,2026-08-26
SE2321000040-58W5,"Barnavårdscentralen, Vårdcentralen Kungsgatan",Region,False,"Kungsgatan 39, Linköping",010-105 99 73,58.4129335,15.6197495,05,0580,,05_SE2321000040-58W5,,,4560,0.000219,0,https://www.1177.se/hitta-vard/kontaktkort/Barnavardscentralen-Vardcentralen-Kungsgatan/,,live_2026-07-21,2026-08-26
SE2321000040-57WR,"Barnavårdscentralen, Vårdcentralen Kärna",Region,False,"Kärnabrunnsgatan 10, Linköping",010-103 53 33,58.4203917,15.5084883,05,0580,,05_SE2321000040-57WR,,,3531,0.000283,463,https://www.1177.se/hitta-vard/kontaktkort/Barnavardscentralen-Vardcentralen-Karna/,,live_2026-07-21,2026-08-26
SE2321000040-57V6,"Barnavårdscentralen, Vårdcentralen Lambohov",Region,False,"Tröskaregatan 28, Linköping",010-105 94 82,58.3877257,15.5640299,05,0580,,05_SE2321000040-57V6,,,4710,0.000212,1115,https://www.1177.se/hitta-vard/kontaktkort/Barnavardscentralen-Vardcentralen-Lambohov/,,live_2026-07-21,2026-08-26
SE2321000040-56NR,"Barnavårdscentralen, Vårdcentralen Linghem",Region,False,"Linghems centrum, Linghem",010-105 96 31,58.4271488,15.7821131,05,0580,,05_SE2321000040-56NR,,,1810,0.000552,684,https://www.1177.se/hitta-vard/kontaktkort/Barnavardscentralen-Vardcentralen-Linghem/,1177_hsa_2026-07-21,live_2026-07-21,2026-08-26
SE2321000040-56WD,"Barnavårdscentralen, Vårdcentralen Ljungsbro",Region,False,"Evastigen 9, Ljungsbro",010-105 94 90,58.508231,15.5034127,05,0580,,05_SE2321000040-56WD,,,1667,0.0006,818,https://www.1177.se/hitta-vard/kontaktkort/Barnavardscentralen-Vardcentralen-Ljungsbro/,1177_hsa_2026-07-21,live_2026-07-21,2026-08-26
SE2321000040-506K,"Barnavårdscentralen, Vårdcentralen Mantorp",Region,False,"Häradstorget 1, Mantorp",010-105 98 20,58.3496458,15.2871781,05,0586,,05_SE2321000040-506K,,,1413,0.000707,689,https://www.1177.se/hitta-vard/kontaktkort/Barnavardscentralen-Vardcentralen-Mantorp/,,live_2026-07-21,2026-08-26
SE2321000040-89HR,"Barnavårdscentralen, Vårdcentralen Mjölby",Region,False,"Jerikodalsgatan 3, Mjölby",010-146 62 00,58.3256937,15.1252796,05,0586,,05_SE2321000040-89HR,,,1461,0.000684,593,https://www.1177.se/hitta-vard/kontaktkort/Barnavardscentralen-Familjelakarna-Mjolby-Vardcentral/,1177_hsa_2026-07-21,live_2026-07-21,2026-08-26
SE2321000040-4H73,"Barnavårdscentralen, Vårdcentralen Nygatan",Region,False,"Nygatan 35, Linköping",010-103 50 27,58.4095889,15.6210835,05,0580,,05_SE2321000040-4H73,,,4899,0.000204,393,https://www.1177.se/hitta-vard/kontaktkort/Barnhalsovardsenheten-i-Ostergotland/,,live_2026-07-21,2026-08-26
SE2321000040-59VH,"Barnavårdscentralen, Vårdcentralen Ryd",Region,True,"Familjecentralen Solkatten, Björnkärrsgatan 14-16, Linköping",010-103 53 63,58.4096955,15.564988,05,0580,,05_SE2321000040-59VH,,,3680,0.000272,474,https://www.1177.se/hitta-vard/kontaktkort/Barnavardscentralen-Vardcentralen-Ryd/,1177_hsa_2026-07-21,live_2026-07-21,2026-08-26
SE2321000040-58GQ,"Barnavårdscentralen, Vårdcentralen Sandbyhov",Region,False,"Doktor Butlers gata 5, Norrköping",010-104 41 16,58.6052758,16.1632096,05,0581,,05_SE2321000040-58GQ,,,4970,0.000201,2059,https://www.1177.se/hitta-vard/kontaktkort/Barnavardscentralen-Vardcentralen-Sandbyhov/,1177_hsa_2026-07-21,live_2026-07-21,2026-08-26
SE2321000040-584D,"Barnavårdscentralen, Vårdcentralen Skäggetorp",Region,True,"Familjecentralen, Skäggetorps centrum 2, Linköping",010-105 97 22,58.4276919,15.5837968,05,0580,,05_SE2321000040-584D,,,4497,0.000222,690,https://www.1177.se/hitta-vard/kontaktkort/Barnavardscentralen-Vardcentralen-Skaggetorp/,,live_2026-07-21,2026-08-26
SE2321000040-567S,"Barnavårdscentralen, Vårdcentralen Skärblacka",Region,False,"Sågvägen 7 C, Skärblacka",010-104 44 36,58.5749636,15.9277081,05,0581,,05_SE2321000040-567S,,,1227,0.000815,292,https://www.1177.se/hitta-vard/kontaktkort/Barnavardscentralen-Vardcentralen-Skarblacka/,,live_2026-07-21,2026-08-26
SE2321000040-58S9,"Barnavårdscentralen, Vårdcentralen Valdemarsvik",Region,False,"Brogatan 4D, Valdemarsvik",010-104 46 55,58.2020566,16.5914815,05,0563,,05_SE2321000040-58S9,,,320,0.00312,356,https://www.1177.se/hitta-vard/kontaktkort/Barnavardscentralen-Vardcentralen-Valdemarsvik/,1177_hsa_2026-07-21,live_2026-07-21,2026-08-26
SE2321000040-595H,"Barnavårdscentralen, Vårdcentralen Valla",Region,False,"Westmansgatan 25, Linköping",010-105 96 80,58.402664,15.6040426,05,0580,,05_SE2321000040-595H,,,4696,0.000213,148,https://www.1177.se/hitta-vard/kontaktkort/Barnavardscentralen-Vardcentralen-Valla/,,live_2026-07-21,2026-08-26
SE2321000040-5B5N,"Barnavårdscentralen, Vårdcentralen Vikbolandet",Region,False,"Bygdevägen 13, Östra Husby",010-104 48 14,58.5751894,16.5653259,05,0581,,05_SE2321000040-5B5N,,,305,0.003268,253,https://www.1177.se/hitta-vard/kontaktkort/Barnavardscentralen-Vardcentralen-Vikbolandet/,,live_2026-07-21,2026-08-26
SE2321000040-56RZ,"Barnavårdscentralen, Vårdcentralen Åby",Region,False,"Nyköpingsvägen 28, Åby",010-104 46 15,58.6655322,16.1821138,05,0581,,05_SE2321000040-56RZ,,,3018,0.000331,572,https://www.1177.se/hitta-vard/kontaktkort/Barnavardscentralen-Vardcentralen-Aby/,,live_2026-07-21,2026-08-26
SE2321000040-59QM,"Barnavårdscentralen, Vårdcentralen Åtvidaberg",Region,False,"Adelswärdsgatan 2, Åtvidaberg",010-105 97 30,58.2015106,15.9996027,05,0561,,05_SE2321000040-59QM,,,415,0.002408,672,https://www.1177.se/hitta-vard/kontaktkort/Barnavardscentralen-Vardcentralen-Atvidaberg/,,live_2026-07-21,2026-08-26
SE2321000040-5073,"Barnavårdscentralen, Vårdcentralen Ödeshög",Unknown,False,"Skolgatan 8, Ödeshög",010-105 99 20,58.2282857,14.6504657,05,0509,,05_SE2321000040-5073,,,1156,0.000865,263,https://www.1177.se/hitta-vard/kontaktkort/Barnavardscentralen-Vardcentralen-Odeshog/,,live_2026-07-21,2026-08-26
SE2321000016-13PX,Barnhälsan Täby BVC,Privat,False,"Biblioteksgången 10, TÄBY",08-409 406 00,59.4443433,18.0670565,01,0160,,01_SE2321000016-13PX,,,4043,0.000247,552,https://www.1177.se/hitta-vard/kontaktkort/Barnhalsan-Taby-BVC-Taby-Centrum/,,live_2026-07-21,2026-08-26
SE2321000016-13Q6,Barnhälsan Täby BVC Näsby Park,Privat,False,"Eskadervägen 4, TÄBY",08-409 406 10,59.4304358,18.0952919,01,0160,,01_SE2321000016-13Q6,,,4553,0.00022,1244,https://www.1177.se/hitta-vard/kontaktkort/Barnhalsan-Taby-BVC-Nasby-Park/,1177_hsa_2026-07-21,live_2026-07-21,2026-08-26
SE2321000016-13Q5,Barnhälsan Täby BVC Täby Kyrkby,Privat,False,Hagmovägen 1,08-409 406 12,59.4942619,18.0640307,01,0160,,01_SE2321000016-13Q5,,,3359,0.000298,1364,https://www.1177.se/hitta-vard/kontaktkort/Barnhalsan-Taby-BVC-Taby-Kyrkby/,,live_2026-07-21,2026-08-26
SE2321000057-9V01,Barnhälsovård,Privat,True,"Familjecentralen, Storgatan 30, Tranås",010-243 49 80,58.0353349,14.9768336,06,0687,,06_SE2321000057-9V01,,,558,0.001792,1129,https://www.1177.se/hitta-vard/kontaktkort/Barnhalsovarden-Tranas/,,live_2026-07-21,2026-08-26
SE2321000057-9TZM,Barnhälsovården Bankeryd,Region,True,"Familjecentralen, Sjöåkravägen 18, Bankeryd",010-243 49 80,57.8619513,14.1267449,06,0680,,06_SE2321000057-9TZM,,,1256,0.000796,697,https://www.1177.se/hitta-vard/kontaktkort/Barnhalsovarden-Bankeryd/,,live_2026-07-21,2026-08-26
SE2321000057-9TZN,Barnhälsovården Dalvik,Region,True,"Barnhälsovården Dalvik, Dalviksringen 20, Jönköping",010-243 49 80,57.7877106,14.130111,06,0680,,06_SE2321000057-9TZN,,,2077,0.000481,1199,https://www.1177.se/hitta-vard/kontaktkort/Barnhalsovarden-Dalvik/,1177_hsa_2026-07-21,live_2026-07-21,2026-08-26
SE2321000057-9V03,Barnhälsovården Eksjö,Region,True,"Familjecentralen, Prästängsvägen 4, Eksjö",010-243 49 80,57.6660618,14.9814221,06,0686,,06_SE2321000057-9V03,,,1613,0.00062,870,https://www.1177.se/hitta-vard/kontaktkort/Barnhalsovarden-Eksjo/,1177_hsa_2026-07-21,live_2026-07-21,2026-08-26
SE2321000057-9V0D,Barnhälsovården Gislaved,Region,True,"Familjecentralen, Norra Långgatan 25, Gislaved",010-243 49 80,57.3051119,13.5373055,06,0662,,06_SE2321000057-9V0D,,,640,0.001561,984,https://www.1177.se/hitta-vard/kontaktkort/Barnhalsovarden-Gislaved/,1177_hsa_2026-07-21,live_2026-07-21,2026-08-26
SE2321000057-9V0B,"Barnhälsovården Gnosjö, Gnosjö",Region,True,"Järnvägsgatan 54, Gnosjö",010-243 49 80,57.3546347,13.7414443,06,0617,,06_SE2321000057-9V0B,,,720,0.001388,638,https://www.1177.se/hitta-vard/kontaktkort/Barnhalsovarden-Gnosjo/,1177_hsa_2026-07-21,live_2026-07-21,2026-08-26
SE2321000057-9TZV,Barnhälsovården Gränna,Region,True,"Familjecentralen, Hävdevägen 31, Gränna",010-243 49 80,58.0261941,14.4679368,06,0680,,06_SE2321000057-9TZV,,,128,0.007796,425,https://www.1177.se/hitta-vard/kontaktkort/Barnhalsovarden-Granna/,,live_2026-07-21,2026-08-26
SE2321000057-9TZL,Barnhälsovården Habo,Region,True,"Familjecentralen, Kärrsvägen 33 D, Habo",010-243 49 80,57.9091083,14.0905825,06,0643,,06_SE2321000057-9TZL,,,995,0.001004,932,https://www.1177.se/hitta-vard/kontaktkort/Barnhalsovarden-Habo/,1177_hsa_2026-07-21,live_2026-07-21,2026-08-26
SE2321000057-9TZS,Barnhälsovården Huskvarna,Region,True,"Familjecentralen, Jönköpingsvägen 19, Huskvarna",010-243 49 80,57.7897281,14.272427,06,0680,,06_SE2321000057-9TZS,,,2343,0.000427,2010,https://www.1177.se/hitta-vard/kontaktkort/Barnhalsovarden-Huskvarna/,1177_hsa_2026-07-21,live_2026-07-21,2026-08-26
SE2321000040-7SWB,"Barnhälsovården KVC, Kry Vårdcentral Kneippen",Unknown,False,"Kry VC Kneippen, Älvgatan 12, Norrköping",076-854 11 05,58.5856267,16.1627595,05,0581,,05_SE2321000040-7SWB,,,5137,0.000195,461,https://www.1177.se/hitta-vard/kontaktkort/Barnavardscentralen-Kry-Vardcentral-Kneippen/,,live_2026-07-21,2026-08-26
SE2321000057-9V06,Barnhälsovården Mariannelund,Privat,True,"Mariannelunds vårdcentral, Esmarchsgatan 1, Mariannelund",010-243 49 80,57.6173676,15.5703971,06,0686,,06_SE2321000057-9V06,,,356,0.002807,233,https://www.1177.se/hitta-vard/kontaktkort/Barnhalsovarden-Mariannelund/,,live_2026-07-21,2026-08-26
SE2321000057-9TZK,Barnhälsovården Mullsjö,Region,True,"Gunnarsbovägen 1-3, Mullsjö",010-243 49 80,57.9158037,13.8841279,06,0642,,06_SE2321000057-9TZK,,,2247,0.000445,724,https://www.1177.se/hitta-vard/kontaktkort/Barnhalsovarden-Mullsjo/,,live_2026-07-21,2026-08-26
SE2321000057-9V04,Barnhälsovården Nässjö,Region,True,"Familjecentralen, Skansgatan 9, Nässjö",010-243 49 80,57.6556792,14.7133489,06,0682,,06_SE2321000057-9V04,,,414,0.002411,1617,https://www.1177.se/hitta-vard/kontaktkort/Barnhalsovarden-Nassjo/,1177_hsa_2026-07-21,live_2026-07-21,2026-08-26
SE2321000057-9V08,Barnhälsovården Rydaholm,Region,True,"Måndagar: Hovslagaregatan 49, Rydaholm, Torsdagar: Dahlgrens väg (vårdcentralen) Rydaholm",010-243 49 80,56.9853155,14.305827,06,0683,,06_SE2321000057-9V08,,,260,0.003832,194,https://www.1177.se/hitta-vard/kontaktkort/Barnhalsovarden-Rydaholm/,1177_hsa_2026-07-21,live_2026-07-21,2026-08-26
SE2321000057-9V02,Barnhälsovården Sävsjö,Region,True,"Familjecentralen, Västra Järnvägsgatan 11, Sävsjö",010-243 49 80,57.4009652,14.6632314,06,0684,,06_SE2321000057-9V02,,,463,0.002159,958,https://www.1177.se/hitta-vard/kontaktkort/Barnhalsovarden-Savsjo/,,live_2026-07-21,2026-08-26
,"Barnhälsovården VVC, Kry Vårdcentral Kneippen",Privat,False,,,58.5708185,16.1704457,05,0581,,05_X0382,,,5054,0.000198,491,,,,2026-08-26
SE2321000057-9TZJ,Barnhälsovården Väster,Region,True,"Familjecentralen, Västra Storgatan 10, Jönköping.",010-243 49 80,57.7836325,14.1636397,06,0680,,06_SE2321000057-9TZJ,,,2401,0.000416,672,https://www.1177.se/hitta-vard/kontaktkort/Barnhalsovarden-Vaster-Jonkoping/,1177_hsa_2026-07-21,live_2026-07-21,2026-08-26
SE2321000073-XZMD,Barnhälsovårdsmottagningen Familjecentralen Lindsdal,Region,True,"Kalmarvägen 113, Kalmar",010-358 19 21,56.7348189,16.2962878,08,0880,,08_SE2321000073-XZMD,,,1728,0.000579,863,https://www.1177.se/hitta-vard/kontaktkort/Barnhalsovardsmottagningen-familjecentralen-Lindsdal/,,live_2026-07-21,2026-08-26
SE2321000073-XZH3,Barnhälsovårdsmottagningen Vimmerby,Region,False,"Drottninggatan 22, Vimmerby",010-358 75 66,57.6679854,15.858761,08,0884,,08_SE2321000073-XZH3,,,421,0.002373,856,https://www.1177.se/hitta-vard/kontaktkort/Barnhalsovardsmottagningen-familjecentralen-Vimmerby/,,live_2026-07-21,2026-08-26
SE2321000073-XZJ4,Barnhälsovårdsmottagningen familjecentralen Borgholm,Region,True,"Resedan 7, Borgholm",010-358 91 86,56.881166,16.664955,08,0885,,08_SE2321000073-XZJ4,,,284,0.00351,345,https://www.1177.se/hitta-vard/kontaktkort/Barnhalsovardsmottagningen-familjecentralen-Borgholm/,,live_2026-07-21,2026-08-26
SE2321000073-XZJ9,Barnhälsovårdsmottagningen familjecentralen Emmaboda,Region,True,"Rådhusgatan 12, Emmaboda",010-358 95 55,56.6325327,15.5367354,08,0862,,08_SE2321000073-XZJ9,,,455,0.002195,399,https://www.1177.se/hitta-vard/kontaktkort/Barnhalsovardsmottagningen-familjecentralen-Emmaboda/,1177_hsa_2026-07-21,live_2026-07-21,2026-08-26
SE2321000073-XZJC,Barnhälsovårdsmottagningen familjecentralen Färjestaden,Region,True,"Safirvägen 2, Färjestaden",010-358 93 11,56.6407242,16.475599,08,0840,,08_SE2321000073-XZJC,,,762,0.001312,932,https://www.1177.se/hitta-vard/kontaktkort/Barnhalsovardsmottagningen-familjecentralen-Farjestaden/,1177_hsa_2026-07-21,live_2026-07-21,2026-08-26
SE2321000073-XZJK,Barnhälsovårdsmottagningen familjecentralen Gamleby,Region,True,"Åbyvägen 12, Gamleby",010-358 62 20,57.8986845,16.3987887,08,0883,,08_SE2321000073-XZJK,,,171,0.00582,352,https://www.1177.se/hitta-vard/kontaktkort/Barnhalsovardsmottagningen-familjecentralen-Gamleby/,,live_2026-07-21,2026-08-26
SE2321000073-XZJV,Barnhälsovårdsmottagningen familjecentralen Hultsfred,Region,True,"Granitvägen 16 B, Hultsfred",010-358 55 70,57.4818786,15.835621,08,0860,,08_SE2321000073-XZJV,,,347,0.002876,707,https://www.1177.se/hitta-vard/kontaktkort/Barnhalsovardsmottagningen-familjecentralen-Hultsfred/,,live_2026-07-21,2026-08-26
SE2321000073-XZJP,Barnhälsovårdsmottagningen familjecentralen Högsby,Region,True,"Dr Mobergers väg 16, Högsby",010-357 83 23,57.1713085,16.0244211,08,0821,,08_SE2321000073-XZJP,,,428,0.002333,229,https://www.1177.se/hitta-vard/kontaktkort/Barnhalsovardsmottagningen-familjecentralen-Hogsby/,1177_hsa_2026-07-21,live_2026-07-21,2026-08-26
SE2321000073-XZK0,Barnhälsovårdsmottagningen familjecentralen Mönsterås,Region,True,"Allégatan 1, Mönsterås",010-357 89 52,57.035461,16.4366675,08,0861,,08_SE2321000073-XZK0,,,899,0.001111,545,https://www.1177.se/hitta-vard/kontaktkort/Barnhalsovardsmottagningen-familjecentralen-Monsteras/,,live_2026-07-21,2026-08-26
SE2321000073-XZMP,Barnhälsovårdsmottagningen familjecentralen Oskarshamn,Region,True,"Lamellvägen 5, Oskarshamn",010-358 25 53,57.2688781,16.4552383,08,0882,,08_SE2321000073-XZMP,,,447,0.002234,1451,https://www.1177.se/hitta-vard/kontaktkort/Barnhalsovardsmottagningen-familjecentralen-Oskarshamn/,,live_2026-07-21,2026-08-26
SE2321000073-XZMH,Barnhälsovårdsmottagningen familjecentralen Smedby,Region,True,"Ingelstorpsvägen 1, Kalmar",010-358 18 95,56.6809072,16.2314806,08,0880,,08_SE2321000073-XZMH,,,1571,0.000636,431,https://www.1177.se/hitta-vard/kontaktkort/Barnhalsovardsmottagningen-familjecentralen-Smedby/,,live_2026-07-21,2026-08-26
SE2321000073-XZMR,Barnhälsovårdsmottagningen familjecentralen Västervik,Region,True,"Nygatan 12, Västervik",010-358 63 00,57.7576829,16.6407018,08,0883,,08_SE2321000073-XZMR,,,723,0.001383,1476,https://www.1177.se/hitta-vard/kontaktkort/Barnhalsovardsmottagningen-familjecentralen-Vastervik/,,live_2026-07-21,2026-08-26
SE2321000016-7ZHN,Barnmorskegruppen Mama Mia AB Mama Mia Solna,Privat,False,"Englundavägen 11, SOLNA",08-506 490 65,59.3601183,17.9817652,01,0184,,01_SE2321000016-7ZHN,,,13392,7.5e-05,0,https://www.1177.se/hitta-vard/kontaktkort/Mama-Mia-Solna-BVC/,1177_hsa_2026-07-21,live_2026-07-21,2026-08-26
,Barnmorskemottagning Smedjebacken,Region,False,,,60.1450307,15.4086584,20,2061,,20_X0397,,,1203,0.000831,291,,,,2026-08-26
SE162321000156-4F7P,Barnmorskemottagning Årjäng,Privat,False,"Järnvägsgatan 6, Årjäng",010-831 49 20,59.3892623,12.1289482,17,1765,,17_SE162321000156-4F7P,,,295,0.003387,527,https://www.1177.se/hitta-vard/kontaktkort/Barnavardscentralen-vardcentralen-Arjang/,,live_2026-07-21,2026-08-26
SE162321000156-580P,Barnmorskemottagningen,Region,False,"Vårdcentralen Gripen, Västra Torggatan 24, Karlstad",010-831 66 01,59.382848,13.5022614,17,1780,,17_SE162321000156-580P,,,5018,0.000199,559,https://www.1177.se/hitta-vard/kontaktkort/Barnavardscentralen-centrala-Karlstad/,,live_2026-07-21,2026-08-26
SE162321000156-4JDT,Barnmorskemottagningen Storfors,Privat,False,"Hammargatan 3, Storfors",010-836 57 08,59.5316013,14.2768137,17,1760,,17_SE162321000156-4JDT,,,511,0.001956,196,https://www.1177.se/hitta-vard/kontaktkort/Barnavardscentralen-vardcentralen-Storfors/,,live_2026-07-21,2026-08-26
,Bergnäsets Health center,Region,False,,,65.5745773,22.1065515,25,2580,,25_X0401,,,2662,0.000376,630,,,,2026-08-26
SE2321000131-E000000014785,Bergsjön Vårdcentral & Barnavårdcentral,Region,True,"Rymdtorget 8 D, 41566, Göteborg",031-792 94 00,57.75595,12.0721024,14,1480,,14_SE2321000131-E000000014785,,,10194,9.8e-05,2024,https://www.1177.se/hitta-vard/kontaktkort/Notkarnan-Bergsjon-Vardcentral-och-BVC/,,live_2026-07-21,2026-08-26
SE2321000065-7330028996034,Birka vårdcentral,Region,False,"Birkagatan 24A, Växjö",0470-58 68 60,56.8783936,14.829056,07,0780,,07_SE2321000065-7330028996034,,,4539,0.00022,641,https://www.1177.se/hitta-vard/kontaktkort/Barnavardscentralen-Birka-Oster-Vaxjo/,,live_2026-07-21,2026-08-26
,Bispgårdens distriktssköterskemottagning,Unknown,False,,,63.0263641,16.6275475,23,2303,,23_X0404,,,323,0.003086,136,,,,2026-08-26
SE162321000255-O18215,Bjärred Vårdcentral,Privat,False,"Vikingavägen 1, Bjärred",046-29 73 78,55.7222129,13.0258808,12,1262,,12_SE162321000255-O18215,,,9051,0.00011,417,https://www.1177.se/hitta-vard/kontaktkort/Bjarreds-Barnavardscentral-Bjarred/,1177_hsa_2026-07-21,live_2026-07-21,2026-08-26
SE2321000180-4H02,Björkhagsskolan Svärdsjö vårdcentral,Region,False,"Björkvägen 2, Svärdsjö",0246-49 15 00,60.7416085,15.9085289,20,2080,,20_SE2321000180-4H02,,,251,0.003971,372,https://www.1177.se/hitta-vard/kontaktkort/Barnavardscentral-Svardsjo/,,live_2026-07-21,2026-08-26
,Björknäs Hälsocentral,Region,False,,,65.8275857,21.6827906,25,2582,,25_X0407,,,815,0.001227,550,,,,2026-08-26
,Björkskatans Health center,Region,False,,,65.6146667,22.1713079,25,2580,,25_X0408,,,3131,0.000319,655,,,,2026-08-26
,Blomstermåla hälsocentral,Region,False,,,56.9809225,16.3328128,08,0861,,08_X0409,,,628,0.00159,214,,,,2026-08-26
SE2321000016-14K2,Bollmora BVC,Region,False,"Regnbågsgatan 6B, Tyresö",08-123 479 62,59.2464504,18.2288885,01,0138,,01_SE2321000016-14K2,,,7104,0.000141,1375,https://www.1177.se/hitta-vard/kontaktkort/Bollmora-BVC-Bollmora-vardcentral/,1177_hsa_2026-07-21,live_2026-07-21,2026-08-26
SE2321000016-14HR,Boo health center,Region,False,"Kanholmsvägen 51, Saltsjö-Boo",08-123 382 01,59.3283445,18.2595445,01,0182,,01_SE2321000016-14HR,,,3585,0.000279,2806,https://www.1177.se/hitta-vard/kontaktkort/Boo-BVC-Boo-vardcentral/,,live_2026-07-21,2026-08-26
SE162321000255-O19387,Brahe Health Eslov,Privat,False,"Kvarngatan 8, Eslöv",0413-57 88 43,55.8411074,13.3078896,12,1285,,12_SE162321000255-O19387,,,2591,0.000386,1022,https://www.1177.se/hitta-vard/kontaktkort/Barnavardscentralen-Brahehalsan-Eslov/,,live_2026-07-21,2026-08-26
SE162321000255-O17822,Brahehälsan Löberöd,Privat,False,"Storgatan 46A, Löberöd",0413-54 58 43,55.7751648,13.5214699,12,1285,,12_SE162321000255-O17822,,,960,0.001041,370,https://www.1177.se/hitta-vard/kontaktkort/Brahehalsan-BVC-Loberod/,1177_hsa_2026-07-21,live_2026-07-21,2026-08-26
SE2321000065-7330028996072,Braås vårdcentral,Privat,True,"Sjösåsvägen 46, BRAÅS",0474-49 98 20,57.0668239,15.056513,07,0780,,07_SE2321000065-7330028996072,,,358,0.00279,182,https://www.1177.se/hitta-vard/kontaktkort/Barnavardscentralen-Braas-Vardcentralen-Braas/,,live_2026-07-21,2026-08-26
SE2321000164-10G7,"Brickebackens Vårdcentral, Örebro",Region,False,"Granrisvägen 23, Örebro",019-602 43 00,59.2387909,15.2423196,18,1880,,18_SE2321000164-10G7,,,4704,0.000213,550,https://www.1177.se/hitta-vard/kontaktkort/Barnavardscentralen-BVC-Brickebackens-vardcentral/,1177_hsa_2026-07-21,live_2026-07-21,2026-08-26
SE2321000016-161L,Brommaplans vårdcentral,Region,False,"Klädesvägen 14A, Bromma",08-123 428 80,59.3387475,17.9403044,01,0180,,01_SE2321000016-161L,,,15389,6.5e-05,1961,https://www.1177.se/hitta-vard/kontaktkort/Brommaplans-BVC/,,live_2026-07-21,2026-08-26
,Brunflo hälsocentral,Region,False,,,63.0821299,14.832963,23,2380,,23_X0417,,,1352,0.000739,471,,,,2026-08-26
,Brunnsgårdens vårdcentral,Region,False,,,56.1715875,14.8693873,10,1082,,10_X0418,,,1282,0.00078,171,,,,2026-08-26
,Bräcke hälsocentral,Region,False,,,62.7487008,15.4261022,23,2305,,23_X0419,,,605,0.00165,120,,,,2026-08-26
,Bräkne-Hoby vårdcentral,Privat,False,,,56.2274615,15.1164174,10,1081,,10_X0420,,,1088,0.000919,189,,,,2026-08-26
SE2321000222-0269416,Bureå vårdcentral,Privat,False,"Nygatan 9B, 930 15 Bureå",090-785 91 13,64.6221565,21.1986521,24,2482,,24_SE2321000222-0269416,,,935,0.001068,286,https://www.1177.se/hitta-vard/kontaktkort/Barnhalsovard-Burea-halsocentral/,1177_hsa_2026-07-21,live_2026-07-21,2026-08-26
SE2321000222-0269420,Burträsk Hälsocentral,Region,False,"Björnåkersgatan 10, 937 31 Burträsk",090-785 91 73,64.517585,20.6541974,24,2482,,24_SE2321000222-0269420,,,164,0.006081,234,https://www.1177.se/hitta-vard/kontaktkort/Barnhalsovard-Burtrask-halsocentral/,,live_2026-07-21,2026-08-26
SE2321000016-5K43,Bvc Slite,Region,False,"Storgatan 79, SLITE",0498-26 87 70,57.706516,18.8056318,09,0980,,09_SE2321000016-5K43,,,70,0.014101,274,https://www.1177.se/hitta-vard/kontaktkort/BVC-Slite-Gotland/,1177_hsa_2026-07-21,live_2026-07-21,2026-08-26
,Byjorden Barnavårdscentral,Privat,False,,,59.5151707,15.9831822,19,1983,,19_X0424,,,2823,0.000354,463,,,,2026-08-26
SE2321000222-0000108,Byske vårdcentral,Region,False,"Ringvägen 8, 934 51 Byske",090-785 91 18,64.9506378,21.2070941,24,2482,,24_SE2321000222-0000108,,,510,0.001961,196,https://www.1177.se/hitta-vard/kontaktkort/Byske-halsocentral/,,live_2026-07-21,2026-08-26
SE2321000172-2B5H,Bäckby Barnavårdscentral,Privat,False,"Välljärnsgatan 492, Västerås",021-17 49 20,59.5999129,16.4767352,19,1980,,19_SE2321000172-2B5H,,,6289,0.000159,881,https://www.1177.se/hitta-vard/kontaktkort/Backby-Barnavardscentral-Vasteras/,1177_hsa_2026-07-21,live_2026-07-21,2026-08-26
SE2321000016-CXP9,"Capio BVC Bromma-Blackeberg, Bromma",Privat,True,"Vinjegatan 8, BROMMA",08-505 789 50,59.3481197,17.8824309,01,0180,,01_SE2321000016-CXP9,,,9331,0.000107,866,https://www.1177.se/hitta-vard/kontaktkort/Capio-BVC-Bromma-Blackeberg-Bromma/,,live_2026-07-21,2026-08-26
SE2321000016-10GB,Capio Barnavårdscentral Bagarmossen,Privat,True,"Lillåvägen 50, BAGARMOSSEN",08-555 055 00,59.2765151,18.1343534,01,0180,,01_SE2321000016-10GB,,,6966,0.000144,970,https://www.1177.se/hitta-vard/kontaktkort/Capio-Barnavardscentral-Bagarmossen/,,live_2026-07-21,2026-08-26
SE162321000255-O17981,Capio Barnavårdscentral Borrby,Privat,False,"Kyrkostigen 2, Borrby",0411-205 49,55.4589516,14.1800712,12,1291,,12_SE162321000255-O17981,,,627,0.001593,240,https://www.1177.se/hitta-vard/kontaktkort/Capio-Barnavardscentral-Borrby/,,live_2026-07-21,2026-08-26
SE162321000255-O17676,Capio Barnavårdscentral Broby,Privat,False,"Snapphanegatan 1, Broby",044-781 80 52,56.2519493,14.0737354,12,1256,,12_SE162321000255-O17676,,,882,0.001134,505,https://www.1177.se/hitta-vard/kontaktkort/Capio-Barnavardscentral-Broby/,,live_2026-07-21,2026-08-26
SE2321000198-053914,Capio Barnavårdscentral Brynäs,Privat,False,"Eriksbergsgatan 18, 802 84 Gävle",,60.671419,17.16581,21,2180,,21_SE2321000198-053914,,,4425,0.000226,243,https://www.1177.se/hitta-vard/kontaktkort/Capio-barnavardscentral-Brynas/,,live_2026-07-21,2026-08-26
SE162321000255-O17952,Capio Barnavårdscentral Båstad,Privat,False,"Köpmansgatan 42, Båstad",0431-47 14 15,56.429321,12.84278,12,1278,,12_SE162321000255-O17952,,,1456,0.000687,260,https://www.1177.se/hitta-vard/kontaktkort/Capio-Barnavardscentral-Bastad/,,live_2026-07-21,2026-08-26
SE2321000016-15TB,Capio Barnavårdscentral Hammarbyhöjden,Privat,False,"Finn Malmgrens väg 9, JOHANNESHOV",08-555 055 00,59.2953621,18.0996259,01,0180,,01_SE2321000016-15TB,,,17006,5.9e-05,0,https://www.1177.se/hitta-vard/kontaktkort/Capio-Barnavardscentral-Hammarbyhojden/,,live_2026-07-21,2026-08-26
SE162321000255-O17808,Capio Barnavårdscentral Helsingborg Mariastaden,Privat,False,"Engelska gången 4, Helsingborg",042-450 75 58,56.082088,12.686668,12,1283,,12_SE162321000255-O17808,,,6996,0.000143,631,https://www.1177.se/hitta-vard/kontaktkort/Capio-Barnavardscentral-Helsingborg-Mariastaden-Helsingborg/,,live_2026-07-21,2026-08-26
SE162321000255-O17681,Capio Barnavårdscentral Klippan,Privat,False,"Norra Skolgatan 2A, Klippan",0435-77 90 68,56.1348098,13.1345558,12,1276,,12_SE162321000255-O17681,,,2616,0.000382,360,https://www.1177.se/hitta-vard/kontaktkort/Capio-Barnavardscentral-Klippan/,,live_2026-07-21,2026-08-26
SE162321000255-O17829,Capio Barnavårdscentral Kristianstad,Privat,False,"Björkhemsvägen 15F, Kristianstad",044-21 56 30,56.0287486,14.1789934,12,1290,,12_SE162321000255-O17829,,,3347,0.000299,811,https://www.1177.se/hitta-vard/kontaktkort/Ostra-Lakargruppen-BVC-Kristianstad/,1177_hsa_2026-07-21,live_2026-07-21,2026-08-26
SE162321000255-O17680,Capio Barnavårdscentral Landskrona,Privat,False,"Eriksgatan 108, Landskrona",0418-48 61 71,55.8755467,12.8327444,12,1282,,12_SE162321000255-O17680,,,4293,0.000233,1268,https://www.1177.se/hitta-vard/kontaktkort/Capio-Barnavardscentral-Landskrona/,,live_2026-07-21,2026-08-26
SE162321000255-O32641,"Capio Barnavårdscentral Limhamn, Malmö",Privat,False,"Linnégatan 45, Limhamn",040-615 01 30,55.5816036,12.9334988,12,1280,,12_SE162321000255-O32641,,,11217,8.9e-05,953,https://www.1177.se/hitta-vard/kontaktkort/BVC-Limhamnslakarna-Limhamn/,1177_hsa_2026-07-21,live_2026-07-21,2026-08-26
SE162321000255-O17809,Capio Barnavårdscentral Lund Clemenstorget,Privat,False,"Clemenstorget 5, Lund",046-270 01 19,55.7066572,13.1879156,12,1281,,12_SE162321000255-O17809,,,9491,0.000105,518,https://www.1177.se/hitta-vard/kontaktkort/Capio-Barnavardscentral-Lund-Clemenstorget/,,live_2026-07-21,2026-08-26
SE162321000255-O17677,"Capio Barnavårdscentral Malmö Centrum, Malmö",Privat,False,"Studentgatan 5, Malmö",040-35 09 00,55.6030645,13.0046827,12,1280,,12_SE162321000255-O17677,,,17041,5.9e-05,1198,https://www.1177.se/hitta-vard/kontaktkort/Capio-Barnavardscentral-Malmo-Centrum-Malmo/,,live_2026-07-21,2026-08-26
SE162321000255-O17812,"Capio Barnavårdscentral Malmö Singelgatan, Malmö",Privat,False,"Singelgatan 2A, Malmö",040-601 08 72,55.6013621,13.039465,12,1280,,12_SE162321000255-O17812,,,17244,5.8e-05,1443,https://www.1177.se/hitta-vard/kontaktkort/Capio-Barnavardscentral-Malmo-Singelgatan-Malmo/,,live_2026-07-21,2026-08-26
SE2321000016-CXNW,"Capio Barnavårdscentral Nynäshamn, Nynäshamn",Privat,True,"Idunvägen 1, NYNÄSHAMN",08-120 664 40,58.9033731,17.9447197,01,0192,,01_SE2321000016-CXNW,,,1083,0.000923,1734,https://www.1177.se/hitta-vard/kontaktkort/Capio-Barnavardscentral-Nynashamn-Nynashamn/,1177_hsa_2026-07-21,live_2026-07-21,2026-08-26
SE2321000131-F000000000638,Capio Barnavårdscentral Orust,Privat,True,"Kaprifolvägen 2 E, 473 32, Henån",0304-68 01 00,58.2326504,11.6764569,14,1421,,14_SE2321000131-F000000000638,2026,2026,300,0.003333,601,https://www.1177.se/hitta-vard/kontaktkort/BVC-Capio-Vardcentral-Henan-Orust/,1177_hsa_2026-07-21,live_2026-07-21,2026-08-26
SE162321000255-O19386,Capio Barnavårdscentral Rydsgård,Privat,False,"Västra Storgatan 2, Rydsgård",0411-489 85,55.473766,13.589454,12,1264,,12_SE162321000255-O19386,,,1432,0.000698,317,https://www.1177.se/hitta-vard/kontaktkort/Capio-Barnavardscentral-Rydsgard/,,live_2026-07-21,2026-08-26
SE162321000255-O15690,Capio Barnavårdscentral Simrishamn,Privat,True,"Sjukhusvägen 1, Simrishamn",070-149 60 08,55.5526348,14.3415472,12,1291,,12_SE162321000255-O15690,,,1044,0.000957,503,https://www.1177.se/hitta-vard/kontaktkort/Capio-Barnavardscentral-Simrishamn/,,live_2026-07-21,2026-08-26
SE162321000255-O17826,Capio Barnavårdscentral Veberöd,Privat,False,"Dalbyvägen 6, Veberöd",046-25 88 81,55.635965,13.4905273,12,1281,,12_SE162321000255-O17826,,,2430,0.000411,630,https://www.1177.se/hitta-vard/kontaktkort/Capio-Barnavardscentral-Veberod/,,live_2026-07-21,2026-08-26
SE162321000255-O17810,"Capio Barnavårdscentral Västra Hamnen, Malmö",Privat,False,"Hallenborgs gata 13, Malmö",040-607 21 00,55.6136953,12.9891505,12,1280,,12_SE162321000255-O17810,,,13059,7.7e-05,395,https://www.1177.se/hitta-vard/kontaktkort/Capio-Barnavardscentral-Vastra-Hamnen-Malmo/,,live_2026-07-21,2026-08-26
SE162321000255-O17973,Capio Barnavårdscentral Ängelholm,Privat,True,"Bruksgatan 25, Ängelholm",0431-47 40 64,56.2480674,12.8703467,12,1292,,12_SE162321000255-O17973,,,3092,0.000323,908,https://www.1177.se/hitta-vard/kontaktkort/Capio-Barnavardscentral-Angelholm/,,live_2026-07-21,2026-08-26
SE2321000016-CXPM,Capio Barnavårdscentral Åkermyntan,Privat,True,"Lövkojsgränd 12, HÄSSELBY",08-120 922 60,59.3807464,17.81641,01,0180,,01_SE2321000016-CXPM,,,6900,0.000145,1537,https://www.1177.se/hitta-vard/kontaktkort/Capio-Barnavardscentral-Akermyntan-Hasselby-Vallingby/,,live_2026-07-21,2026-08-26
SE5564220860-a3230,Capio City Clinic Ronneby,Privat,False,Fridhemsvägen 15,0457-340 70,56.2029813,15.285539,10,1081,,10_SE5564220860-a3230,,,1681,0.000595,351,https://www.1177.se/hitta-vard/kontaktkort/Capio-vardcentral-Ronneby/,1177_hsa_2026-07-21,live_2026-07-21,2026-08-26
,Capio Hälsocentral Dragonen,Privat,False,,,63.8331198,20.2528109,24,2480,,24_X0453,,,3979,0.000251,331,,,,2026-08-26
,Capio Norrlandskliniken,Privat,False,,,63.8045488,20.3216317,24,2480,,24_X0454,,,4356,0.00023,1379,,,,2026-08-26
SE2321000172-2HK4,Capio Råby Barnavårdscentral Familjecentrum,Region,False,"Familjecentrum, Råby centrum 3, Västerås",021-360 10 00,59.6096067,16.4945683,19,1980,,19_SE2321000172-2HK4,,,6998,0.000143,1643,https://www.1177.se/hitta-vard/kontaktkort/Capio-Raby-Barnavardscentral-Vasteras/,,live_2026-07-21,2026-08-26
SE2321000172-2HK3,Capio Vallby Barnavårdscentral,Privat,True,"Paletten, Allmogeplatsen 37, Västerås",021-360 10 00,59.62291,16.50299,19,1980,,19_SE2321000172-2HK3,,,7023,0.000142,477,https://www.1177.sehttps://www.1177.se/hitta-vard/kontaktkort/Capio-Vallby-Barnavardscentral-Vasteras/,,identity_mismatch_2026-07-21,2026-08-26
SE2321000172-2BQL,Capio Västerås Barnavårdscentral,Privat,False,"Kopparbergsvägen 11 A, Västerås",021-17 47 22,59.610896,16.5488521,19,1980,,19_SE2321000172-2BQL,,,7195,0.000139,0,https://www.1177.se/hitta-vard/kontaktkort/Narvarden-City-Barnavardscentral-Vasteras/,,live_2026-07-21,2026-08-26
SE2321000040-5C59,Capio Vårdcentral Berga,Privat,False,"Söderleden 35-37, Linköping",010-105 96 11,58.392167,15.642697,05,0580,,05_SE2321000040-5C59,,,4984,0.000201,1327,https://www.1177.se/hitta-vard/kontaktkort/Barnavardscentralen-Capio-Vardcentral-Berga/,,live_2026-07-21,2026-08-26
SE162321000255-O18333,Capio Vårdcentral Bunkeflo-Hyllie,Privat,False,"Sadelmakarebyn 5, Bunkeflostrand",040-16 77 00,55.557415,12.9363408,12,1280,,12_SE162321000255-O18333,,,12832,7.8e-05,765,https://www.1177.se/hitta-vard/kontaktkort/Capio-Barnavardscentral-Bunkeflo-Hyllie/,,live_2026-07-21,2026-08-26
SE2321000131-F000000000783,Capio Vårdcentral Grästorp,Privat,True,"Jon Jespersgatan 28, 467 31, Grästorp",0514-70 45 00,58.3304264,12.6770297,14,1444,,14_SE2321000131-F000000000783,2026,2026,919,0.001087,323,https://www.1177.se/hitta-vard/kontaktkort/BVC-Capio-vardcentral-Grastorp-Grastorp/,1177_hsa_2026-07-21,live_2026-07-21,2026-08-26
SE2321000164-10HC,Capio Vårdcentral Haga,Privat,True,"Skäpplandsgatan 31-33, Örebro",019-602 44 60,59.275262,15.1661924,18,1880,,18_SE2321000164-10HC,2026,2026,6371,0.000157,712,https://www.1177.se/hitta-vard/kontaktkort/Barnavardscentralen-BVC-Capio-vardcentral-Haga/,1177_hsa_2026-07-21,live_2026-07-21,2026-08-26
SE162321000255-O19825,Capio Vårdcentral Helsingborg Söder,Privat,True,"Engelska gången 4, Helsingborg",042-17 31 00,56.0820884,12.6866581,12,1283,,12_SE162321000255-O19825,,,8895,0.000112,15,https://www.1177.se/hitta-vard/kontaktkort/Capio-Barnavardscentral-Helsingborg-Mariastaden-Helsingborg/,1177_hsa_2026-07-21,live_2026-07-21,2026-08-26
SE2321000065-7330028055038,Capio Vårdcentral Hovshaga,Privat,False,"Pomonavägen 2, 352 61 Växjö",0470-75 91 15,56.909329,14.798416,07,0780,,07_SE2321000065-7330028055038,,,4328,0.000231,717,https://www.1177.se/hitta-vard/kontaktkort/Barnavardscentralen-Capio-Hovshaga-Hovshaga-centrum/,,live_2026-07-21,2026-08-26
SE2321000131-F000000000569,Capio Vårdcentral Kvillebäcken,Privat,False,"Borstbindaregatan 6, 417 22, Göteborg",031-744 23 30,57.7209578,11.948458,14,1480,,14_SE2321000131-F000000000569,,,18552,5.4e-05,0,https://www.1177.se/hitta-vard/kontaktkort/BVC-Capio-Vardcentral-Kvillebacken-Hisingen/,,live_2026-07-21,2026-08-26
SE2321000164-10HH,Capio Vårdcentral Lekeberg,Privat,True,"Vallgatan 17, Fjugesta",0585-883 30,59.1751245,14.8652015,18,1814,,18_SE2321000164-10HH,,,780,0.001281,604,https://www.1177.se/hitta-vard/kontaktkort/Barnavardscentralen-BVC-Capio-vardcentral-Lekeberg/,1177_hsa_2026-07-21,live_2026-07-21,2026-08-26
SE2321000016-FL7G,Capio Vårdcentral Tyresö Strand,Privat,False,"Videvägen 76, TYRESÖ",08-410 364 00,59.2449309,18.2737876,01,0138,,01_SE2321000016-FL7G,,,3800,0.000263,663,https://www.1177.se/hitta-vard/kontaktkort/Capio-Barnavardscentral-Tyreso-Strand-Tyreso/,,live_2026-07-21,2026-08-26
,Capio Vårdcentral Vintergatan,Privat,False,,,59.3096121,14.1083424,17,1781,,17_X0470,,,1127,0.000887,373,,,,2026-08-26
,Capio Vårdcentral Vålberg,Privat,False,,,59.4029857,13.190182,17,1780,,17_X0471,,,1044,0.000957,264,,,,2026-08-26
SE2321000230-E00607,Cederkliniken i Piteå,Privat,False,Västergatan 5C Huvudentre. Prästgårdsgatan 55B Lättakuten.,0911-25 12 51,65.3125899,21.458232,25,2581,,25_SE2321000230-E00607,,,1487,0.000672,0,https://www.1177.se/hitta-vard/kontaktkort/Cederkliniken/,1177_hsa_2026-07-21,live_2026-07-21,2026-08-26
SE2321000131-F000000000556,Centralhälsan Silentzvägen,Privat,True,"Silentzvägen 6, 451 50, Uddevalla",0522-392 93,58.3531417,11.9279251,14,1485,,14_SE2321000131-F000000000556,,,2954,0.000338,358,https://www.1177.se/hitta-vard/kontaktkort/BVC-Vardcentralen-Silentzvagen-Uddevalla/,,live_2026-07-21,2026-08-26
SE162321000255-O17575,Childcare Center Fosie Torp,Region,False,"Ormvråksgatan 15, Malmö",040-623 44 87,55.5666309,13.0104359,12,1280,,12_SE162321000255-O17575,,,17516,5.7e-05,828,https://www.1177.se/hitta-vard/kontaktkort/Barnavardscentralen-Fosietorp/,,live_2026-07-21,2026-08-26
SE162321000255-O17584,Childcare Center Hyllie,Region,True,"Lorensborgsgatan 26, Malmö",040-623 40 50,55.5766932,12.9738448,12,1280,,12_SE162321000255-O17584,,,16431,6.1e-05,852,https://www.1177.se/hitta-vard/kontaktkort/Barnavardscentralen-Kroksback-Malmo/,,live_2026-07-21,2026-08-26
SE162321000255-O17588,Childcare Center Lindängen,Privat,False,"Orkestergatan 13A, Malmö",040-623 91 75,55.5621779,12.9908502,12,1280,,12_SE162321000255-O17588,,,14874,6.7e-05,694,https://www.1177.se/hitta-vard/kontaktkort/Barnavardscentralen-Lindeborg/,,live_2026-07-21,2026-08-26
SE162321000255-O17547,Childcare Center Lomma,Region,False,"Sandstensgatan 3, Lomma",040-623 45 41,55.6746871,13.0701996,12,1262,,12_SE162321000255-O17547,,,12714,7.9e-05,798,https://www.1177.se/hitta-vard/kontaktkort/Barnavardscentralen-Lomma/,,live_2026-07-21,2026-08-26
SE162321000255-O17612,Childcare Center Sesame,Privat,True,"Bennets väg 8, Malmö",040-623 48 66,55.5874398,13.034328,12,1280,,12_SE162321000255-O17612,,,16960,5.9e-05,1303,https://www.1177.se/hitta-vard/kontaktkort/Barnavardscentralen-Sesam/,,live_2026-07-21,2026-08-26
SE162321000255-O17605,Childcare Center St. Lars,Privat,False,"Sankt Lars väg 6, Lund",046-275 21 92,55.6870108,13.1848283,12,1281,,12_SE162321000255-O17605,,,11305,8.8e-05,391,https://www.1177.se/hitta-vard/kontaktkort/Barnavardscentralen-Sankt-Lars/,,live_2026-07-21,2026-08-26
SE162321000255-O17610,Childcare Center Tåbelund,Region,True,"Solvägen 33, Eslöv",0413-35 12 00,55.8328119,13.289313,12,1285,,12_SE162321000255-O17610,,,2358,0.000424,275,https://www.1177.se/hitta-vard/kontaktkort/Barnavardscentralen-Tabelund/,1177_hsa_2026-07-21,live_2026-07-21,2026-08-26
SE162321000255-O25222,Citymottagningen,Privat,False,"Östergatan 38, Hässleholm",0451-837 00,63.8278102,20.2638451,24,2480,,24_SE162321000255-O25222,,,4198,0.000238,596,https://www.1177.sehttps://www.1177.se/hitta-vard/kontaktkort/Barnavardscentralen-Citymottagningen-Hassleholm/,,identity_mismatch_2026-07-21,2026-08-26
SE2321000172-2CPG,Citypraktiken Tillberga Barnavårdscentral,Privat,False,"Kvistbergavägen 10, Västerås",021-813 02 50,59.6848415,16.6192142,19,1980,,19_SE2321000172-2CPG,,,4070,0.000246,497,https://www.1177.se/hitta-vard/kontaktkort/Citypraktiken-Tillberga-Barnavardscentral/,1177_hsa_2026-07-21,live_2026-07-21,2026-08-26
SE2321000172-2CPD,Citypraktikens barnmorskemottagning,Privat,False,"Vån 1, Stora gatan 38, Västerås",021-813 02 50,59.609517,16.5444204,19,1980,,19_SE2321000172-2CPD,,,6497,0.000154,0,https://www.1177.sehttps://www.1177.se/hitta-vard/kontaktkort/Citypraktiken-Barnavardscentral-Vasteras/,,identity_mismatch_2026-07-21,2026-08-26
SE2321000016-DVRT,"Doktor.se Norrtälje BVC, Norrtälje",Privat,False,"Vårgatan 2, NORRTÄLJE",0176-28 27 59,59.7700661,18.6946468,01,0188,,01_SE2321000016-DVRT,,,1761,0.000568,1183,https://www.1177.se/hitta-vard/kontaktkort/Doktorse-Norrtalje-BVC-Norrtalje/,1177_hsa_2026-07-21,live_2026-07-21,2026-08-26
SE2321000016-13RK,Doktor.se Rimbo BVC,Privat,False,"Köpmannagatan 11C, RIMBO",0175-741 21,59.7431655,18.3693042,01,0188,,01_SE2321000016-13RK,,,808,0.001237,764,https://www.1177.se/hitta-vard/kontaktkort/Barnavardscentral-Rimbo/,1177_hsa_2026-07-21,live_2026-07-21,2026-08-26
,Doktor.se Vingåkers vårdcentral,Privat,False,,,59.043935,15.8696918,04,0428,,04_X0486,,,1012,0.000988,85,,,,2026-08-26
,Dorotea sjukstuga,Unknown,False,,,64.25928,16.4182653,24,2425,,24_X0487,,,503,0.001987,88,,,,2026-08-26
SE2321000016-1307,Edsbergs health center,Region,False,"Edsbergs Torg 1, SOLLENTUNA",08-545 223 99,59.444497,17.9668102,01,0163,,01_SE2321000016-1307,,,6037,0.000166,1908,https://www.1177.se/hitta-vard/kontaktkort/Barnavardscentral-Edsbergs-vardcentral-Edsbergs-vardcentral/,,live_2026-07-21,2026-08-26
SE2321000198-045953,Eira Health center,Privat,False,"Slottstorget 5 a, 802 50 Gävle",026-60 09 09,60.6726432,17.147544,21,2180,,21_SE2321000198-045953,,,4579,0.000218,576,https://www.1177.se/hitta-vard/kontaktkort/Barnavardscentral-Eira-halsocentral/,,live_2026-07-21,2026-08-26
SE162321000255-O17671,Ekeby Vårdcentral,Region,True,"Storgatan 46B, Ekeby",042-445 38 04,56.0039461,12.9673764,12,1260,,12_SE162321000255-O17671,,,3735,0.000268,378,https://www.1177.se/hitta-vard/kontaktkort/Ekeby-Barnavardcentral/,,live_2026-07-21,2026-08-26
SE162321000255-O21491,"Emma Barnavård på Cura, Malmö",Privat,False,"Erikslustvägen 24, Malmö",076-038 18 71,55.593675,12.9659726,12,1280,,12_SE162321000255-O21491,,,14259,7e-05,942,https://www.1177.se/hitta-vard/kontaktkort/Emma-Barnavard-pa-Cura-Malmo/,,live_2026-07-21,2026-08-26
SE2321000016-1513,Enebyberg barnavårdscentral,Privat,False,"Enebytorg 17, Enebyberg",08-123 389 57,59.432576,18.0395135,01,0162,,01_SE2321000016-1513,,,8486,0.000118,1219,https://www.1177.se/hitta-vard/kontaktkort/Enebybergs-BVC/,,live_2026-07-21,2026-08-26
SE2321000222-0269411,Erikslid health center,Region,False,"Annastigen 8, 931 70 Skellefteå",090-785 91 10,64.7608229,20.9539128,24,2482,,24_SE2321000222-0269411,,,3011,0.000332,432,https://www.1177.se/hitta-vard/kontaktkort/Barnhalsovard-Erikslids-halsocentral/,,live_2026-07-21,2026-08-26
,Ersboda Familjecentral,Region,True,,,63.8574172,20.3126103,24,2480,,24_X0494,,,3647,0.000274,1173,,,,2026-08-26
SE2321000016-4K0M,Essinge Vårdcentral,Region,False,"Primusgatan 112, Stockholm",08-123 397 12,59.3229876,18.0068243,01,0180,,01_SE2321000016-4K0M,,,14858,6.7e-05,581,https://www.1177.se/hitta-vard/kontaktkort/Essinge-BVC/,,live_2026-07-21,2026-08-26
SE2321000180-46ZM,Familjecentral Avesta,Region,True,"Avesta lasarett, Lindsnäsvägen 6b",,60.1424909,16.201165,20,2084,,20_SE2321000180-46ZM,,,958,0.001043,614,https://www.1177.se/hitta-vard/kontaktkort/Familjecentral-Avesta/,,live_2026-07-21,2026-08-26
SE2321000222-0269427,Familjecentral BVC Hörnefors,Privat,True,"Bruksgatan 4, 905 31 Hörnefors",090-785 91 05,63.6242859,19.9092021,24,2480,,24_SE2321000222-0269427,,,365,0.002739,365,https://www.1177.se/hitta-vard/kontaktkort/Familjecentral-Hornefors/,,live_2026-07-21,2026-08-26
,Familjecentral BVC Nordmaling,Unknown,True,,,63.5685203,19.4982385,24,2401,,24_X0498,,,420,0.002377,354,,,,2026-08-26
,Familjecentral Bvc Anderstorp,Privat,True,,,64.7447846,20.9899409,24,2482,,24_X0499,,,2765,0.000362,632,,,,2026-08-26
SE2321000057-9V00,Familjecentralen Kärnhuset Öppen förskola,Region,True,"Familjecentralen, Kyrkogatan 15, Vetlanda.",010-243 49 80,57.4270374,15.0863739,06,0685,,06_SE2321000057-9V00,,,396,0.002522,1568,https://www.1177.se/hitta-vard/kontaktkort/Barnhalsovarden-Vetlanda/,,live_2026-07-21,2026-08-26
SE2321000073-XZMG,Familjecentrum Norrliden,Privat,True,"Björkenäsvägen 6 A, Kalmar",010-358 19 93,56.7086868,16.3460941,08,0880,,08_SE2321000073-XZMG,,,2042,0.00049,1339,https://www.1177.se/hitta-vard/kontaktkort/Barnhalsovardsmottagningen-familjecentralen-Norrliden/,,live_2026-07-21,2026-08-26
SE162321000024-0023137,Familjeläkarna Bålsta,Privat,False,"Slottskogsleden 19 R, Skokloster",0171-62 00 20,59.6911896,17.6137393,03,0305,,03_SE162321000024-0023137,,,3486,0.000287,197,https://www.1177.se/hitta-vard/kontaktkort/Barnavardscentral-Familjelakarna-Skokloster/,1177_hsa_2026-07-21,live_2026-07-21,2026-08-26
SE162321000024-0069270,Familjeläkarna Kapellgärdet,Privat,False,"Vattholmavägen 16 C, Uppsala",018-60 09 99,59.8737,17.6367351,03,0380,,03_SE162321000024-0069270,,,7654,0.000131,434,https://www.1177.se/hitta-vard/kontaktkort/Barnavardscental-Familjelakarna-Kapellgardet-Uppsala/,,live_2026-07-21,2026-08-26
SE2321000016-2MWN,"Familjeläkarna Storvretens BVC, Botkyrka",Privat,False,"Stenvägen 10, TUMBA",08-530 677 80,59.1930236,17.8390021,01,0127,,01_SE2321000016-2MWN,,,3736,0.000268,1504,https://www.1177.se/hitta-vard/kontaktkort/Familjelakarna-Storvretens-BVC-Botkyrka/,,live_2026-07-21,2026-08-26
SE2321000016-60SH,Familjeläkarna i Husby BVC,Privat,False,"Edvard Griegsgången 13, KISTA",072-721 58 92,59.4099604,17.9249736,01,0180,,01_SE2321000016-60SH,,,11645,8.6e-05,1598,https://www.1177.se/hitta-vard/kontaktkort/Familjelakarna-i-Husby-BVC/,,live_2026-07-21,2026-08-26
SE2321000016-4J48,"Familjeläkarna i Saltsjöbaden BVC, Nacka",Privat,False,"Byvägen 52, SALTSJÖBADEN",08-717 00 83,59.2855877,18.2810167,01,0182,,01_SE2321000016-4J48,,,2587,0.000386,702,https://www.1177.se/hitta-vard/kontaktkort/Familjelakarna-i-Saltsjobaden-BVC/,,live_2026-07-21,2026-08-26
SE2321000016-BG7F,Familjeläkarna i Tungelsta BVC,Privat,False,"Brandstigen 1, TUNGELSTA",08-504 205 35,59.1068526,18.0472254,01,0136,,01_SE2321000016-BG7F,,,771,0.001296,917,https://www.1177.se/hitta-vard/kontaktkort/Familjelakarna-i-Tungelsta-BVC/,1177_hsa_2026-07-21,live_2026-07-21,2026-08-26
,"Fjällhälsan, Hede",Privat,False,,,62.4172283,13.5195006,23,2361,,23_X0509,,,175,0.005712,99,,,,2026-08-26
SE2321000016-14JL,"Flemingsbergs BVC, Flemingsbergs vårdcentral",Region,True,"Röntgenvägen 3, Huddinge",08-123 425 23,59.223855,17.9370825,01,0126,,01_SE2321000016-14JL,,,5610,0.000178,1365,https://www.1177.se/hitta-vard/kontaktkort/Flemingsbergs-BVC-Flemingsbergs-vardcentral/,1177_hsa_2026-07-21,live_2026-07-21,2026-08-26
SE2321000214-E023602,Funäsdalens Hälsocentral,Region,False,"Rörosvägen 35, 846 72 Funäsdalen",0684-160 60,62.549165,12.5261569,23,2361,,23_SE2321000214-E023602,,,348,0.002866,121,https://www.1177.se/hitta-vard/kontaktkort/Funasdalens-halsocentral/,1177_hsa_2026-07-21,live_2026-07-21,2026-08-26
SE2321000198-054435,Färila Los Din hälsocentral,Region,False,"Annbacksvägen 14, 827 60 Färila",0651-170 54,61.7976071,15.8455712,21,2161,,21_SE2321000198-054435,,,474,0.002107,152,https://www.1177.se/hitta-vard/kontaktkort/Barnavardscentral-Farila-Los-Din-halsocentral/,,live_2026-07-21,2026-08-26
,Föllinge Hälsocentral,Region,False,,,63.6741199,14.6138429,23,2309,,23_X0513,,,25,0.038816,57,,,,2026-08-26
,Gammelstads hälsocentral,Region,False,,,65.6408533,22.0147126,25,2580,,25_X0514,,,2738,0.000365,742,,,,2026-08-26
SE2321000016-BQJV,Gröndals barnavårdscentral,Privat,False,"Lövholmsvägen 33, Stockholm",08-123 394 06,59.3136903,18.0170739,01,0180,,01_SE2321000016-BQJV,,,18358,5.4e-05,489,https://www.1177.se/hitta-vard/kontaktkort/Grondals-BVC/,,live_2026-07-21,2026-08-26
SE2321000016-14FP,Gustavsbergs Barnavårdscentral,Privat,False,"Tyra Lundgrens väg 4, Gustavsberg",08-123 362 70,59.3232375,18.3812869,01,0120,,01_SE2321000016-14FP,,,1328,0.000753,2934,https://www.1177.se/hitta-vard/kontaktkort/Gustavsbergs-BVC/,1177_hsa_2026-07-21,live_2026-07-21,2026-08-26
SE2321000230-E00851,Gällivare Hälsocentral,Privat,False,"Källgatan 14, 982 82  GÄLLIVARE",0970-668 99,67.1318482,20.6880792,25,2523,,25_SE2321000230-E00851,,,936,0.001068,965,https://www.1177.se/hitta-vard/kontaktkort/Gallivare-halsocentral/,1177_hsa_2026-07-21,live_2026-07-21,2026-08-26
SE2321000214-0041395,"Gällö distriktssköterskemottagning, Gällö",Unknown,False,"Revsundsvägen 16, 843 41 Gällö",0693-166 48,62.9140064,15.2326846,23,2305,,23_SE2321000214-0041395,,,454,0.002201,98,https://www.1177.se/hitta-vard/kontaktkort/Gallo-distriktsskoterskemottagning-Gallo/,1177_hsa_2026-07-21,live_2026-07-21,2026-08-26
,Gärdets vårdcentral,Privat,False,,,59.3471713,18.103639,01,0180,,01_X0519,,,13005,7.7e-05,996,,,,2026-08-26
SE2321000198-054413,Gävle Strand Din Hälsocentral,Region,False,"Norra Skeppsbron 13 a, 803 10 Gävle",026-63 70 00,60.6781768,17.1594505,21,2180,,21_SE2321000198-054413,,,4322,0.000231,0,https://www.1177.se/hitta-vard/kontaktkort/Barnavardscentral-Gavle-Strand-Din-halsocentral/,,live_2026-07-21,2026-08-26
,Hallens hälsocentral,Region,False,,,63.1771862,14.0898778,23,2321,,23_X0521,,,103,0.009633,78,,,,2026-08-26
SE2321000172-2B64,Hallstahammar Barnavårdscentral,Region,False,"Vegagatan 1, Hallstahammar",021-17 67 22,59.6151279,16.2304805,19,1961,,19_SE2321000172-2B64,,,1284,0.000778,1057,https://www.1177.se/hitta-vard/kontaktkort/Hallstahammar-Barnavardscentral/,,live_2026-07-21,2026-08-26
SE2321000131-F000000001532,Hamnstadens Vårdcentral,Privat,False,"Fabriksgatan 4, 531 60, Lidköping",0510-48 88 00,58.5067746,13.1578566,14,1494,,14_SE2321000131-F000000001532,,,1236,0.000809,986,https://www.1177.se/hitta-vard/kontaktkort/BVC-Hamnstadens-vardcentral-Lidkoping/,1177_hsa_2026-07-21,live_2026-07-21,2026-08-26
SE2321000198-054415,Hamrånge Din hälsocentral,Region,False,"Solbergsvägen 5, 817 40 Bergby",0297-101 91,60.9282828,17.0424156,21,2180,,21_SE2321000198-054415,,,190,0.005244,133,https://www.1177.se/hitta-vard/kontaktkort/Barnavardscentral-Hamrange-Din-halsocentral/,,live_2026-07-21,2026-08-26
,Haparanda Hälsocentral,Region,False,,,65.8381851,24.1344523,25,2583,,25_X0526,,,471,0.002119,403,,,,2026-08-26
,Health Center North Port,Unknown,False,,,65.5858387,22.1545942,25,2580,,25_X0527,,,3578,0.000279,137,,,,2026-08-26
SE2321000131-E000000004901,Health center and BVC Närhälsan Fargelanda,Region,False,"Håvestensvägen 5 A, 45832, Färgelanda",,58.5608812,11.9907464,14,1439,,14_SE2321000131-E000000004901,,,442,0.00226,330,https://www.1177.se/hitta-vard/kontaktkort/Narhalsan-Fargelanda-vardcentral-Fargelanda/,,live_2026-07-21,2026-08-26
SE2321000016-DSML,"Hedda BVC ,",Privat,False,"Riddargatan 1, STOCKHOLM",08-425 033 00,59.3349258,18.0747299,01,0180,,01_SE2321000016-DSML,,,15870,6.3e-05,0,https://www.1177.se/hitta-vard/kontaktkort/Hedda-BVC/,1177_hsa_2026-07-21,live_2026-07-21,2026-08-26
SE2321000198-054417,Hedesunda Färnebo Your Health Center,Region,False,"Norra Stiftelsevägen 4, 818 45 Hedesunda",0291-105 00,60.395476,17.0051494,21,2180,,21_SE2321000198-054417,,,135,0.007395,200,https://www.1177.se/hitta-vard/kontaktkort/Barnavardscentral-Hedesunda-Din-halsocentral/,,live_2026-07-21,2026-08-26
SE2321000222-0269412,Heimdalls vårdcentral,Privat,False,"Köpmangatan 15, 931 31 Skellefteå",090-785 91 11,64.7515847,20.9484938,24,2482,,24_SE2321000222-0269412,,,3018,0.000331,946,https://www.1177.se/hitta-vard/kontaktkort/Barnhalsovard-Heimdall-halsocentral/,,live_2026-07-21,2026-08-26
SE162321000255-O25941,Helsingborgs Familjecentral Högaborg BVC,Privat,False,"Nedre nytorgsgatan 13, Helsingborg",042-12 91 10,56.0388197,12.7037494,12,1283,,12_SE162321000255-O25941,,,9232,0.000108,0,https://www.1177.se/hitta-vard/kontaktkort/Helsingborgs-Barnavardscentral/,1177_hsa_2026-07-21,live_2026-07-21,2026-08-26
SE2321000172-2B7J,Hemdal Barnavårdscentral,Privat,True,"Odensviplatsen 3, Västerås",021-17 42 95,59.6228137,16.594219,19,1980,,19_SE2321000172-2B7J,,,6968,0.000143,1506,https://www.1177.se/hitta-vard/kontaktkort/Hemdal-Barnavardscentral-Vasteras/,,live_2026-07-21,2026-08-26
SE2321000016-5K40,Hemse vårdcentral,Privat,False,"Hagagatan 30, HEMSE",0498-26 87 70,57.2390042,18.3710572,09,0980,,09_SE2321000016-5K40,,,122,0.00815,510,https://www.1177.se/hitta-vard/kontaktkort/BVC-Hemse-Gotland/,1177_hsa_2026-07-21,live_2026-07-21,2026-08-26
,Hermelinen vårdcentral,Privat,False,,,65.5820075,22.1545812,25,2580,,25_X0535,,,3563,0.000281,46,,,,2026-08-26
SE2321000172-2BQS,Herrgärdets barnavårdscentral,Privat,False,"Karlsgatan 17A, Västerås",021-17 57 47,59.6144244,16.5499111,19,1980,,19_SE2321000172-2BQS,,,7593,0.000132,356,https://www.1177.se/hitta-vard/kontaktkort/Herrgardet-Barnavardscentral-Vasteras/,,live_2026-07-21,2026-08-26
,Hertsö vårdcentral,Region,False,,,65.5891146,22.2292404,25,2580,,25_X0537,,,3058,0.000327,473,,,,2026-08-26
SE2321000198-054461,Hofors Din hälsocentral,Region,False,"Centralgatan 14, 813 30 Hofors",0290-297 10,60.547664,16.2865516,21,2104,,21_SE2321000198-054461,,,464,0.002155,346,https://www.1177.se/hitta-vard/kontaktkort/Barnavardscentral-Hofors-Din-halsocentral/,,live_2026-07-21,2026-08-26
SE2321000222-0269426,Holmsund hälsocentral,Region,False,"Industrigatan 14, 913 31 Holmsund",090-785 91 03,63.7074467,20.3625862,24,2480,,24_SE2321000222-0269426,,,1226,0.000815,640,https://www.1177.se/hitta-vard/kontaktkort/Familjecentral-Holmsund-Obbola/,1177_hsa_2026-07-21,live_2026-07-21,2026-08-26
,Hortlax hälsocentral,Region,False,,,65.288139,21.4110211,25,2581,,25_X0540,,,1215,0.000822,566,,,,2026-08-26
SE2321000016-14FD,Huddinge Barnavårdscentral,Privat,True,"Patron Pehrs väg 4, Huddinge",08-123 426 40,59.2366555,17.9769919,01,0126,,01_SE2321000016-14FD,,,8533,0.000117,2521,https://www.1177.se/hitta-vard/kontaktkort/Huddinge-BVC/,,live_2026-07-21,2026-08-26
,Husläkarna Hälsocentral,Region,False,,,63.8272204,20.2472255,24,2480,,24_X0543,,,4117,0.000243,319,,,,2026-08-26
SE2321000164-10FF,Hällefors vårdcentral,Region,False,"Gillersvägen 20, Hällefors",0591-685 50,59.7796359,14.5219065,18,1863,,18_SE2321000164-10FF,,,522,0.001913,300,https://www.1177.se/hitta-vard/kontaktkort/Barnavardscentralen-BVC-Hallefors-vardcentral/,,live_2026-07-21,2026-08-26
SE2321000206-E00325,Hälsocentralen Ankaret,Privat,False,"Sjukhusgatan 5 B, Örnsköldsvik",,63.298566,18.7140008,22,2284,,22_SE2321000206-E00325,,,2043,0.000489,958,https://www.1177.se/hitta-vard/kontaktkort/Halsocentralen-Ankaret/,,live_2026-07-21,2026-08-26
SE2321000206-E00321,Hälsocentralen Bjästa,Privat,False,Harmonivägen 1,,63.2011824,18.5001271,22,2284,,22_SE2321000206-E00321,,,587,0.001703,312,https://www.1177.se/hitta-vard/kontaktkort/Halsocentralen-Bjasta/,,live_2026-07-21,2026-08-26
SE2321000206-E00326,Hälsocentralen Bredbyn,Privat,False,"Olympiavägen 8, 895 30 Bredbyn",,63.4478052,18.1094614,22,2284,,22_SE2321000206-E00326,,,155,0.00642,214,https://www.1177.se/hitta-vard/kontaktkort/Halsocentralen-Bredbyn/,,live_2026-07-21,2026-08-26
SE2321000206-E00327,Hälsocentralen Centrum,Privat,False,"Norrmalmsgatan 2, 852 34 Sundsvall",,62.3955874,17.3123755,22,2281,,22_SE2321000206-E00327,,,3258,0.000307,1601,https://www.1177.se/hitta-vard/kontaktkort/Halsocentralen-Centrum/,1177_hsa_2026-07-21,live_2026-07-21,2026-08-26
SE2321000206-E00328,Hälsocentralen Domsjö,Privat,False,"Sundsvägen 11, 892 32 Domsjö",,63.2659146,18.6899248,22,2284,,22_SE2321000206-E00328,,,1849,0.000541,574,https://www.1177.se/hitta-vard/kontaktkort/Halsocentralen-Domsjo/,,live_2026-07-21,2026-08-26
SE2321000065-7330028892947,Hälsocentralen Falken AB,Privat,False,Doktorsvägen 6,0481-36 69 30,56.9769326,15.6533867,07,0760,,07_SE2321000065-7330028892947,,,291,0.003436,133,https://www.1177.se/hitta-vard/kontaktkort/Vardcentralen-Halsocentralen-Falken-Alstermo/,,live_2026-07-21,2026-08-26
,"Hälsocentralen Fjällvivan, Frösön",Region,False,,,63.1932027,14.4853668,23,2380,,23_X0551,,,1051,0.000951,82,,,,2026-08-26
SE2321000206-E00330,Hälsocentralen Granlo,Privat,False,"Västra vägen 50, Sundsvall",,62.4038111,17.2552121,22,2281,,22_SE2321000206-E00330,,,2696,0.000371,656,https://www.1177.se/hitta-vard/kontaktkort/Halsocentralen-Granlo/,,live_2026-07-21,2026-08-26
SE2321000206-E00334,Hälsocentralen Höga Kusten,Privat,False,"Vårdhemsvägen 2, Ullånger",,63.0143192,18.1845697,22,2282,,22_SE2321000206-E00334,,,270,0.003692,197,https://www.1177.se/hitta-vard/kontaktkort/Halsocentralen-Hoga-Kusten-Ullanger/,,live_2026-07-21,2026-08-26
SE2321000206-E00346,Hälsocentralen Junsele,Privat,False,"Forumvägen 4, 880 37  Junsele",,63.6945191,16.880408,22,2283,,22_SE2321000206-E00346,,,79,0.012532,84,https://www.1177.se/hitta-vard/kontaktkort/Halsocentralen-Junsele/,,live_2026-07-21,2026-08-26
SE2321000206-E00336,Hälsocentralen Liden,Privat,False,"Husåsvägen 18, Liden",,62.7003626,16.8028638,22,2281,,22_SE2321000206-E00336,,,35,0.027944,121,https://www.1177.se/hitta-vard/kontaktkort/Halsocentralen-Liden/,,live_2026-07-21,2026-08-26
SE2321000206-E00338,Hälsocentralen Matfors,Privat,False,Skölevägen 19,,62.348526,17.0146121,22,2281,,22_SE2321000206-E00338,,,699,0.001429,378,https://www.1177.se/hitta-vard/kontaktkort/Halsocentralen-Matfors/,,live_2026-07-21,2026-08-26
SE2321000206-E00340,Hälsocentralen Nyland,Privat,False,"Biskopsgatan 1, Nyland",,63.0060754,17.764556,22,2282,,22_SE2321000206-E00340,,,333,0.003,184,https://www.1177.se/hitta-vard/kontaktkort/Halsocentralen-Nyland/,1177_hsa_2026-07-21,live_2026-07-21,2026-08-26
SE2321000206-E00347,Hälsocentralen Ramsele,Privat,False,,,63.5353474,16.4683215,22,2283,,22_SE2321000206-E00347,,,89,0.011205,99,,,identity_mismatch_2026-07-21,2026-08-26
,"Hälsocentralen Renen, Duved",Unknown,False,,,63.392884,12.9127653,23,2321,,23_X0559,,,711,0.001405,183,,,,2026-08-26
SE2321000214-0046507,"Hälsocentralen Ripan, Östersund",Privat,False,"Prästgatan 47, 831 34 Östersund",063-663 10 00,63.1756454,14.6374827,23,2380,,23_SE2321000214-0046507,,,3058,0.000327,1581,https://www.1177.se/hitta-vard/kontaktkort/Halsocentralen-Ripan-Ostersund/,1177_hsa_2026-07-21,live_2026-07-21,2026-08-26
SE2321000206-E00341,Hälsocentralen Själevad,Region,False,Sjukhemsvägen 2 B,0660-575 60,63.2918404,18.6176305,22,2284,,22_SE2321000206-E00341,,,1742,0.000574,467,https://www.1177.se/hitta-vard/kontaktkort/Halsocentralen-Sjalevad/,,live_2026-07-21,2026-08-26
SE2321000206-E00343,"Hälsocentralen Sollefteå ,",Privat,False,Lasarettsgatan 1,0620-194 50,63.1746342,17.2351226,22,2283,,22_SE2321000206-E00343,,,954,0.001048,688,https://www.1177.sehttps://www.1177.se/hitta-vard/kontaktkort/Halsocentralen-Solleftea/,,identity_mismatch_2026-07-21,2026-08-26
SE2321000206-E00344,Hälsocentralen Stöde,Privat,False,"Gyllenvägen 6, 864 41 Stöde",,62.4185333,16.5881462,22,2281,,22_SE2321000206-E00344,,,162,0.006163,146,https://www.1177.se/hitta-vard/kontaktkort/Halsocentralen-Stode/,,live_2026-07-21,2026-08-26
,Hälsohuset,Privat,False,,,56.1651368,15.5838146,10,1080,,10_X0564,,,2919,0.000343,388,,,,2026-08-26
,Hälsohuset för alla,Privat,False,,,56.2029248,15.6399289,10,1080,,10_X0565,,,3751,0.000267,573,,,,2026-08-26
SE162321000255-O33180,Hälsomedicinskt center barnhälsovård i Bjärred,Privat,False,"Norra Västkustvägen 4, Bjärred",040-41 80 00,55.71815,13.0292132,12,1262,,12_SE162321000255-O33180,,,8539,0.000117,188,https://www.1177.sehttps://www.1177.se/hitta-vard/kontaktkort/HMC-BVC-i-Bjarred/,,identity_mismatch_2026-07-21,2026-08-26
SE162321000255-O33188,Hälsomedicinskt center barnhälsovård i Staffanstorp,Privat,False,"Malmövägen 2, Staffanstorp",040-41 80 00,55.6410741,13.2128098,12,1230,,12_SE162321000255-O33188,,,8273,0.000121,187,https://www.1177.sehttps://www.1177.se/hitta-vard/kontaktkort/HMC-BVC-i-Staffanstorp/,,identity_mismatch_2026-07-21,2026-08-26
,"Hälsorum Offerdal, Änge",Privat,False,,,63.4577398,14.0688531,23,2309,,23_X0568,,,109,0.009104,134,,,,2026-08-26
SE2321000016-1HBN,Högdalen Vantör barnavårdscentral,Privat,True,"Högdalsplan 11, Bandhagen",08-123 383 49,59.2643617,18.0401755,01,0180,,01_SE2321000016-1HBN,,,13142,7.6e-05,2062,https://www.1177.se/hitta-vard/kontaktkort/Vantors-BVC/,,live_2026-07-21,2026-08-26
SE2321000131-E000000017026,Högsboläkarna BVC,Privat,False,"Högsbogatan 40, 414 79, Göteborg",031-58 68 00,57.6718468,11.9307964,14,1480,,14_SE2321000131-E000000017026,,,16318,6.1e-05,299,https://www.1177.se/hitta-vard/kontaktkort/Hogsbolakarna-BVC/,,live_2026-07-21,2026-08-26
SE2321000131-F000000000558,Hönö Vårdcentral,Privat,True,"Minkebergsvägen 3A, 475 40, Hönö",031-712 76 60,57.6964693,11.6507735,14,1407,,14_SE2321000131-F000000000558,2026,2026,1145,0.000873,313,https://www.1177.se/hitta-vard/kontaktkort/BVC-Hono-Vardcentral-Hono/,1177_hsa_2026-07-21,live_2026-07-21,2026-08-26
SE2321000016-4BW9,Johannes barnavårdscentral,Privat,False,"Döbelnsgatan 56, Stockholm",08-123 429 90,59.3460503,18.0567303,01,0180,,01_SE2321000016-4BW9,,,18079,5.5e-05,1679,https://www.1177.se/hitta-vard/kontaktkort/Johannes-BVC/,,live_2026-07-21,2026-08-26
SE2321000230-E00379,Jokkmokks vårdcentral,Region,False,"Lappstavägen 9, Jokkmokk",0971-444 94,66.6021934,19.8434945,25,2510,,25_SE2321000230-E00379,,,449,0.002224,208,https://www.1177.se/hitta-vard/kontaktkort/Jokkmokks-halsocentral/,,live_2026-07-21,2026-08-26
,Jämjö vårdcentral,Region,False,,,56.1891604,15.8332559,10,1080,,10_X0574,,,1487,0.000672,514,,,,2026-08-26
,Järpens hälsocentral,Region,False,,,63.3483705,13.4588145,23,2321,,23_X0575,,,636,0.001572,299,,,,2026-08-26
SE2321000198-054437,Järvsö Din hälsocentral,Region,False,"Stationsgatan 19, 827 51 Järvsö",0651-172 30,61.7124853,16.1698378,21,2161,,21_SE2321000198-054437,,,428,0.002332,202,https://www.1177.se/hitta-vard/kontaktkort/Barnavardscentral-Jarvso-Din-halsocentral/,,live_2026-07-21,2026-08-26
,Kalix Hälsocentral,Region,False,,,65.854808,23.1581128,25,2514,,25_X0577,,,388,0.002576,680,,,,2026-08-26
,Kallinge vårdcentral,Region,False,,,56.2469233,15.2872758,10,1081,,10_X0578,,,1559,0.000641,368,,,,2026-08-26
SE2321000164-10GC,Karla vårdcentral,Region,False,"Älvtomtagatan 30, Örebro",019-602 95 00,59.2760799,15.1963279,18,1880,,18_SE2321000164-10GC,,,6867,0.000146,975,https://www.1177.se/hitta-vard/kontaktkort/Barnavardscentralen-BVC-Karla-vardcentral/,1177_hsa_2026-07-21,live_2026-07-21,2026-08-26
SE2321000164-10FK,"Karlskoga Familjecentral, Karlskoga",Region,True,"Bregårdsgatan 1 C, Karlskoga",0586-668 70,59.3266786,14.5151038,18,1883,,18_SE2321000164-10FK,,,594,0.001683,1108,https://www.1177.se/hitta-vard/kontaktkort/Barnavardscentralen-BVC-familjecentralen-Karlskoga/,1177_hsa_2026-07-21,live_2026-07-21,2026-08-26
SE162321000156-4B5D,Kil vårdcentral,Region,False,"Hälsostigen 1, Kil",010-834 21 15,59.4981238,13.3199757,17,1715,,17_SE162321000156-4B5D,,,1136,0.00088,726,https://www.1177.se/hitta-vard/kontaktkort/Barnavardscentralen-vardcentralen-Kil/,,live_2026-07-21,2026-08-26
SE2321000198-054453,Kilafors Din hälsocentral,Region,False,"Stationsgatan 2, 823 30 Kilafors",0278-388 80,61.2306571,16.568804,21,2183,,21_SE2321000198-054453,,,374,0.002671,190,https://www.1177.se/hitta-vard/kontaktkort/Barnavardscentral-Kilafors-Din-halsocentral/,,live_2026-07-21,2026-08-26
SE2321000230-E00382,Kiruna health center,Region,False,"Kiruna hälsocentral, Thulegatan 29, 981 28  Kiruna",0980-732 30,67.8499905,20.2382255,25,2584,,25_SE2321000230-E00382,,,430,0.002325,1295,https://www.1177.se/hitta-vard/kontaktkort/Kiruna-halsocentral/,1177_hsa_2026-07-21,live_2026-07-21,2026-08-26
,"Klara BVC, Lund",Privat,False,,,55.7099692,13.217308,12,1281,,12_X0584,,,10282,9.7e-05,30,,,,2026-08-26
SE2321000172-2B6K,Kolsva Vårdcentral,Region,False,"Bruksgatan 12, plan 2, Kolsva",021-17 69 09,59.6001759,15.8391967,19,1983,,19_SE2321000172-2B6K,,,879,0.001138,238,https://www.1177.se/hitta-vard/kontaktkort/Kolsva-Barnavardscentral/,,live_2026-07-21,2026-08-26
,Kompetenscentrum mödra- och barnhälsovård Västerbotten,Privat,False,,,63.8145736,20.3068926,24,2480,,24_X0586,,,4014,0.000249,382,,,,2026-08-26
,Krokoms hälsocentral,Region,False,,,63.3271649,14.4520993,23,2309,,23_X0587,,,1057,0.000946,415,,,,2026-08-26
SE2321000016-9RHK,"Kry BVC Hornstull, Södermalm",Privat,False,"Hornsgatan 133, STOCKHOLM",070-946 29 10,59.3152521,18.0354227,01,0180,,01_SE2321000016-9RHK,,,19116,5.2e-05,1667,https://www.1177.se/hitta-vard/kontaktkort/Kry-BVC-Hornstull-Sodermalm/,,live_2026-07-21,2026-08-26
SE162321000255-O25176,Kry BVC Osby,Privat,False,"Östra Järnvägsgatan 14, Osby",0479-148 41,56.3812036,13.9971608,12,1273,,12_SE162321000255-O25176,,,1586,0.00063,331,https://www.1177.se/hitta-vard/kontaktkort/Kry-Barnavardcentral-Osby/,,live_2026-07-21,2026-08-26
SE2321000016-9S66,Kry BVC Sundbyberg,Privat,False,"Prästgårdsgatan 1, SUNDBYBERG",08-555 509 68,59.3615084,17.9761569,01,0183,,01_SE2321000016-9S66,,,13276,7.5e-05,2164,https://www.1177.se/hitta-vard/kontaktkort/Kry-BVC-Sundbyberg/,,live_2026-07-21,2026-08-26
SE162321000255-O30513,"Kry BVC Triangeln, Malmö",Privat,False,"Spångatan 1, Malmö",040-643 44 00,55.5959428,13.0035675,12,1280,,12_SE162321000255-O30513,,,17170,5.8e-05,0,https://www.1177.se/hitta-vard/kontaktkort/Kry-BVC-Triangeln-Malmo/,,live_2026-07-21,2026-08-26
SE2321000016-167Q,Kry BVC Älta,Privat,False,"Morellvägen 13, ÄLTA",08-448 45 06,59.2550888,18.1772626,01,0182,,01_SE2321000016-167Q,,,7647,0.000131,1394,https://www.1177.se/hitta-vard/kontaktkort/Kry-BVC-Alta/,1177_hsa_2026-07-21,live_2026-07-21,2026-08-26
SE162321000255-O25175,Kry Barnavårdcentral Laurentii,Privat,False,"Stora Södergatan 4, Lund",046-280 57 00,55.7017308,13.1921924,12,1281,,12_SE162321000255-O25175,,,10450,9.6e-05,0,https://www.1177.se/hitta-vard/kontaktkort/Kry-Barnavardcentral-Laurentii/,,live_2026-07-21,2026-08-26
SE162321000255-O25174,Kry Vårdcentral Bromölla,Privat,False,"Storgatan 58, Bromölla",0456-488 20,56.0789158,14.4721741,12,1272,,12_SE162321000255-O25174,,,1695,0.00059,588,https://www.1177.se/hitta-vard/kontaktkort/Kry-Barnavardscentral-Storgatan-Bromolla/,,live_2026-07-21,2026-08-26
SE2321000065-7330028144244,Kry Vårdcentral Älmhult,Privat,False,Gotthards gata 5343 36 Älmhult,0476-64 66 00,56.5546104,14.1344398,07,0765,,07_SE2321000065-7330028144244,,,939,0.001065,614,https://www.1177.se/hitta-vard/kontaktkort/Barnavardscentralen-Kry-Almhult-Almhult/,,live_2026-07-21,2026-08-26
SE162321000255-O38576,Kulan BVC Viken,Privat,False,"Apelvägen 7, Viken",042-21 00 01,56.1592781,12.5789341,12,1284,,12_SE162321000255-O38576,,,3179,0.000315,551,https://www.1177.se/hitta-vard/kontaktkort/Barnavardscentralen-Kulan-Viken/,,live_2026-07-21,2026-08-26
,Kungsgärdets vårdcentral,Privat,False,,,59.8557447,17.6209018,03,0380,,03_X0597,,,7172,0.000139,344,,,,2026-08-26
SE162321000255-O28912,Kungsgårdshälsan,Privat,False,"Midgårdsgatan 1, Ängelholm",0431-257 70,56.252778,12.8928819,12,1292,,12_SE162321000255-O28912,,,3809,0.000262,410,https://www.1177.se/hitta-vard/kontaktkort/Mama-Mia-Kungsgardshalsan-BVC-ANGELHOLM/,1177_hsa_2026-07-21,live_2026-07-21,2026-08-26
,Kungsmarkens Vårdcentral,Privat,False,,,56.1939735,15.6220865,10,1080,,10_X0599,,,3190,0.000313,381,,,,2026-08-26
SE2321000016-157R,Kungsängens barnavårdscentral,Privat,False,"Gamla Landsvägen 2, Kungsängen",08-123 409 36,59.479525,17.7508269,01,0139,,01_SE2321000016-157R,,,4033,0.000248,1290,https://www.1177.se/hitta-vard/kontaktkort/Kungsangens-BVC/,,live_2026-07-21,2026-08-26
SE2321000172-32CF,Kungsörs Health center,Privat,False,"Torsgatan 12 A, Kungsör",0221-266 43,59.4184859,16.0962234,19,1960,,19_SE2321000172-32CF,,,1088,0.000919,581,https://www.1177.se/hitta-vard/kontaktkort/Kungsor-Barnavardscentral/,1177_hsa_2026-07-21,live_2026-07-21,2026-08-26
,Kälarne hälsocentral,Region,False,,,62.9798346,16.0849534,23,2305,,23_X0602,,,163,0.006117,43,,,,2026-08-26
,Kåge Hälsocentral,Region,False,,,64.8315656,20.9834254,24,2482,,24_X0603,,,1785,0.00056,566,,,,2026-08-26
SE2321000065-7330028995990,Lammhult vårdcentral,Privat,True,"Lammengatan 6, 363 45 LAMMHULT",0472-59 43 00,57.1684553,14.5915522,07,0780,,07_SE2321000065-7330028995990,,,184,0.005413,216,https://www.1177.se/hitta-vard/kontaktkort/Barnavardscentralen-Lammhult-Vardcentralen-Lammhult/,,live_2026-07-21,2026-08-26
SE2321000065-7330028996102,Lenhovda vårdcentral,Region,False,"Oskarshamnsvägen 1-3, LENHOVDA",0474-69 45 00,57.0009512,15.2851256,07,0760,,07_SE2321000065-7330028996102,,,724,0.00138,210,https://www.1177.se/hitta-vard/kontaktkort/Barnavardscentralen-Lenhovda-Vardcentralen-Lenhovda/,,live_2026-07-21,2026-08-26
SE2321000016-152C,Lidingö Bvc,Region,True,"Herserudsvägen 5B, Lidingö",08-123 377 60,59.3621577,18.1222663,01,0186,,01_SE2321000016-152C,,,4439,0.000225,1256,https://www.1177.se/hitta-vard/kontaktkort/Lidingo-BVC/,,live_2026-07-21,2026-08-26
SE162321000156-3RFL,Likenäs vårdcentral,Region,False,"Krokbacksvägen 1, Likenäs",010-834 73 14,60.6117358,13.0438216,17,1737,,17_SE162321000156-3RFL,,,38,0.026204,65,https://www.1177.se/hitta-vard/kontaktkort/Barnavardscentralen-vardcentralen-Likenas/,1177_hsa_2026-07-21,live_2026-07-21,2026-08-26
SE2321000016-14HK,Liljeholmens BVC,Region,True,"Liljeholmstorget 7, Stockholm",08-123 679 96,59.3098718,18.022017,01,0180,,01_SE2321000016-14HK,,,18060,5.5e-05,2021,https://www.1177.se/hitta-vard/kontaktkort/Liljeholmens-BVC/,,live_2026-07-21,2026-08-26
SE2321000164-10G9,Lillåns vårdcentral,Region,False,"Rödklövervägen 160, Örebro",019-602 47 00,59.31924,15.2236717,18,1880,,18_SE2321000164-10G9,,,4336,0.000231,696,https://www.1177.se/hitta-vard/kontaktkort/Barnavardscentralen-BVC-Lillans-vardcentral/,1177_hsa_2026-07-21,live_2026-07-21,2026-08-26
SE2321000016-14F2,Lisebergs barnavårdscentral,Region,False,"Annebodavägen 4, Älvsjö",08-123 386 10,59.2848208,18.0302215,01,0180,,01_SE2321000016-14F2,,,15898,6.3e-05,282,https://www.1177.se/hitta-vard/kontaktkort/Lisebergs-BVC/,,live_2026-07-21,2026-08-26
,Lits hälsocentral,Region,False,,,63.3193804,14.8493139,23,2380,,23_X0612,,,353,0.002827,257,,,,2026-08-26
,Lugnviks Hälsocentral,Region,False,,,63.2039849,14.6347299,23,2380,,23_X0613,,,2615,0.000382,637,,,,2026-08-26
,Lyckeby Health Center,Region,False,,,56.1985607,15.6497026,10,1080,,10_X0614,,,3411,0.000293,364,,,,2026-08-26
SE2321000172-2CQ5,Läkargruppen Barnavårdscentral,Privat,False,"Källgatan 14, Västerås",021-473 30 00,59.6079053,16.5413857,19,1980,,19_SE2321000172-2CQ5,,,7275,0.000137,383,https://www.1177.se/hitta-vard/kontaktkort/Lakargruppen-Barnavardscentral-Vasteras/,1177_hsa_2026-07-21,live_2026-07-21,2026-08-26
SE162321000255-O17823,Läkargruppen Munka Ljungby BVC,Privat,True,"Götagatan 4, Munka-Ljungby",0431-31 13 60,56.2584182,12.9733861,12,1292,,12_SE162321000255-O17823,,,2131,0.000469,463,https://www.1177.se/hitta-vard/kontaktkort/Lakargruppen-Munka-Ljungby-BVC/,,live_2026-07-21,2026-08-26
SE5564752912-a3227,Läkarhuset i Karlshamn AB,Privat,False,Kungsgatan 44,0454-395 00,56.1711738,14.8641719,10,1082,,10_SE5564752912-a3227,,,1326,0.000754,278,https://www.1177.se/hitta-vard/kontaktkort/Lakarhuset-i-Karlshamn/,1177_hsa_2026-07-21,live_2026-07-21,2026-08-26
SE162321000255-O17684,Läkarmottagningen i Bjärnum AB,Privat,False,"Algatan 12, Bjärnum",0451-200 83,56.2917776,13.7156751,12,1293,,12_SE162321000255-O17684,,,912,0.001096,370,https://www.1177.se/hitta-vard/kontaktkort/Lakarmottagningen-i-Bjarnum-BVC/,,live_2026-07-21,2026-08-26
SE2321000180-4H1V,Långshyttans vårdcentral,Region,False,"Solhemsvägen 11, Långshyttan",0225-49 66 22,60.4578328,16.0508567,20,2083,,20_SE2321000180-4H1V,,,196,0.005084,195,https://www.1177.se/hitta-vard/kontaktkort/Barnavardscentral-Langshyttan/,,live_2026-07-21,2026-08-26
,Lövångers hälsocentral,Privat,False,,,64.3690575,21.3112728,24,2482,,24_X0620,,,71,0.013904,72,,,,2026-08-26
,Malå sjukstuga,Unknown,False,,,65.1753121,18.7558191,24,2418,,24_X0621,,,488,0.002049,174,,,,2026-08-26
SE2321000016-DGL0,Mama Mia Akka BVC,Privat,False,"Klockargatan 17, VÄSTERHANINGE",08-500 731 39,59.1214405,18.1019582,01,0136,,01_SE2321000016-DGL0,,,1688,0.000592,1357,https://www.1177.se/hitta-vard/kontaktkort/Mama-Mia-Akka-BVC-Vasterhaninge/,1177_hsa_2026-07-21,live_2026-07-21,2026-08-26
SE162321000255-O17975,Mama Mia BVC Gustavslund,Privat,True,"Mangårdsgatan 55, Helsingborg",042-311 18 58,56.03587,12.7550695,12,1283,,12_SE162321000255-O17975,,,9646,0.000104,1331,https://www.1177.se/hitta-vard/kontaktkort/Barnavardscentralen-Mama-Mia-Gustavslund-Helsingborg/,,live_2026-07-21,2026-08-26
SE162321000255-O31357,"Mama Mia BVC Västra Hamnen, Malmö",Privat,False,"Östra Varvsgatan 4, Malmö",040-643 82 40,55.612858,12.9860222,12,1280,,12_SE162321000255-O31357,,,12732,7.9e-05,909,https://www.1177.se/hitta-vard/kontaktkort/Barnavardscentralen-Mama-Mia-Vastra-Hamnen-Malmo-Malmo/,,live_2026-07-21,2026-08-26
SE2321000016-D0ZN,"Mama Mia Järna Barnavårdscentral, Södertälje",Region,False,"Storgatan 13, JÄRNA",08-409 156 70,59.0888858,17.5661092,01,0181,,01_SE2321000016-D0ZN,,,761,0.001313,807,https://www.1177.se/hitta-vard/kontaktkort/Mama-Mia-Jarna-Barnavardscentral-Sodertalje/,1177_hsa_2026-07-21,live_2026-07-21,2026-08-26
SE162321000255-O17977,Mama Mia Kristianstad barnmorskemottaging,Privat,False,"Döbelnsgatan 9, Kristianstad",044-253 19 19,56.029563,14.1575822,12,1290,,12_SE162321000255-O17977,,,2953,0.000339,0,https://www.1177.se/hitta-vard/kontaktkort/Barnavardscentralen-Mama-Mia-Kristianstad/,,live_2026-07-21,2026-08-26
SE162321000255-O17674,"Mama Mia Väla BVC, Helsingborg",Privat,False,"Ekslingan 10, Helsingborg",042-311 18 40,56.09089,12.7463841,12,1283,,12_SE162321000255-O17674,,,8376,0.000119,654,https://www.1177.se/hitta-vard/kontaktkort/Barnavardscentralen-Mama-Mia-Vala-Helsingborg-Helsingborg/,1177_hsa_2026-07-21,live_2026-07-21,2026-08-26
SE162321000255-O19537,Mama Mia Örkelljunga,Privat,False,"David Anders gata 4, Örkelljunga",0435-78 24 16,56.2821072,13.2800747,12,1257,,12_SE162321000255-O19537,,,1347,0.000742,189,https://www.1177.se/hitta-vard/kontaktkort/Mama-Mia-BVC-Orkelljunga/,,live_2026-07-21,2026-08-26
SE162321000024-0063406,"MamaMia Nyby BVC, Uppsala",Privat,False,"Heidenstamsgatan 69, Uppsala",018-611 75 10,59.8777083,17.6469318,03,0380,,03_SE162321000024-0063406,,,7705,0.00013,1278,https://www.1177.se/hitta-vard/kontaktkort/MamaMia-Nyby-BVC-Uppsala/,1177_hsa_2026-07-21,live_2026-07-21,2026-08-26
SE2321000040-502W,Mariebergs Vårdcentral,Privat,False,"Mariebergsgatan 2, Motala",010-104 79 59,58.5402863,15.0008572,05,0583,,05_SE2321000040-502W,,,1555,0.000643,303,https://www.1177.se/hitta-vard/kontaktkort/Barnavardscentralen-Vardcentralen-Marieberg/,1177_hsa_2026-07-21,live_2026-07-21,2026-08-26
SE2321000016-C5RD,"Martina BVC, Östermalm",Privat,False,"Valhallavägen 91G, STOCKHOLM",08-120 194 77,59.3453573,18.0754259,01,0180,,01_SE2321000016-C5RD,,,13367,7.5e-05,0,https://www.1177.se/hitta-vard/kontaktkort/Martina-BVC-Ostermalm/,1177_hsa_2026-07-21,live_2026-07-21,2026-08-26
SE2321000131-F000000000644,Masthugget Familjeläkare & BVC,Privat,False,"Andra Långgatan 48, 413 27, Göteborg",031-793 85 00,57.6987113,11.9403438,14,1480,,14_SE2321000131-F000000000644,,,18083,5.5e-05,603,https://www.1177.se/hitta-vard/kontaktkort/BVC-Notkarnan-Masthugget-Familjelakare-och-BVC-Masthugget/,,live_2026-07-21,2026-08-26
SE2321000073-XZMC,Maternity health care family center Kalmar,Unknown,False,"Verkstadsgatan 17, Kalmar",010-358 06 91,56.6694382,16.3347089,08,0880,,08_SE2321000073-XZMC,,,2503,0.000399,1291,https://www.1177.se/hitta-vard/kontaktkort/Barnhalsovardsmottagningen-familjecentralen-Kalmar/,,live_2026-07-21,2026-08-26
,Medical consultant,Unknown,False,,,64.5923897,18.674409,24,2481,,24_X0636,,,912,0.001096,609,,,,2026-08-26
SE2321000131-E000000014640,Medpro Clinic Noltorp Vårdcentral,Privat,False,"Säterigatan 122, 441 55, Alingsås",0322-65 15 00,57.938714,12.519345,14,1489,,14_SE2321000131-E000000014640,,,2365,0.000423,563,https://www.1177.se/hitta-vard/kontaktkort/BVC-Noltorp-Vardcentral-Medpro-Clinic/,,live_2026-07-21,2026-08-26
SE2321000131-E000000014520,Medpro Clinic Stavre Health center,Privat,False,"Slättbergsvägen 56, 461 40, Trollhättan",0520-49 01 01,58.2879736,12.3196469,14,1488,,14_SE2321000131-E000000014520,,,4105,0.000244,947,https://www.1177.se/hitta-vard/kontaktkort/BVC-Stavre-Vardcentral/,,live_2026-07-21,2026-08-26
,Mjölkuddens vårdcentral,Privat,False,,,65.6013489,22.1301386,25,2580,,25_X0639,,,3818,0.000262,702,,,,2026-08-26
SE2321000065-7330028996201,Moheda vårdcentral,Region,False,"Storgatan 2, MOHEDA",0472-59 43 60,57.000522,14.5746188,07,0764,,07_SE2321000065-7330028996201,,,862,0.00116,199,https://www.1177.se/hitta-vard/kontaktkort/Barnavardscentralen-Moheda-Vardcentralen-Moheda/,,live_2026-07-21,2026-08-26
SE2321000222-0269428,Moro Backe health center,Region,False,"Höjdgatan 14, 931 51 Skellefteå",090-785 91 15,64.7533481,21.0267214,24,2482,,24_SE2321000222-0269428,,,2640,0.000379,511,https://www.1177.se/hitta-vard/kontaktkort/Barnhalsovard-Moro-Backe-halsocentral/,,live_2026-07-21,2026-08-26
SE162321000156-3VFX,Munkfors health center,Region,False,"Tallåsvägen 6, Munkfors",010-834 78 79,59.8320179,13.5429479,17,1762,,17_SE162321000156-3VFX,,,641,0.001558,249,https://www.1177.se/hitta-vard/kontaktkort/Barnavardscentralen-vardcentralen-Munkfors/,1177_hsa_2026-07-21,live_2026-07-21,2026-08-26
SE2321000214-E013586,Myrvikens hälsocentral,Region,False,"Dalsätravägen 6 A, 845 71 Oviken",0643-44 55 20,63.0001719,14.3342394,23,2326,,23_SE2321000214-E013586,,,591,0.001691,238,https://www.1177.se/hitta-vard/kontaktkort/Myrvikens-halsocentral/,,live_2026-07-21,2026-08-26
,Mödrahälsovården Torsås,Region,False,,,56.4114127,15.9969809,08,0834,,08_X0644,,,489,0.002042,272,,,,2026-08-26
SE2321000073-XZMF,Mödrahälsovården familjecentralen Södermöre,Region,True,"Harbyvägen 3, Ljungbyholm",010-358 96 77,56.6341434,16.1673724,08,0880,,08_SE2321000073-XZMF,,,1265,0.00079,615,https://www.1177.se/hitta-vard/kontaktkort/Barnhalsovardsmottagningen-familjecentralen-Sodermore/,,live_2026-07-21,2026-08-26
SE2321000073-XZK8,Mödrahälsovårdsmottagningen familjecentralen Nybro,Region,True,"Tunnelgatan 6, Nybro",010-358 07 11,56.7437048,15.9114612,08,0881,,08_SE2321000073-XZK8,,,512,0.001953,1090,https://www.1177.se/hitta-vard/kontaktkort/Barnhalsovardsmottagningen-familjecentralen-Nybro/,1177_hsa_2026-07-21,live_2026-07-21,2026-08-26
,Mödravårdscentral Samariten,Region,False,,,56.1870998,14.85177,10,1082,,10_X0647,,,1471,0.00068,1181,,,,2026-08-26
SE162321000156-4G9N,Mörmo gård,Unknown,False,"Mörmovägen 45, Skoghall",010-831 84 32,59.3275392,13.4740023,17,1761,,17_SE162321000156-4G9N,,,1465,0.000682,1177,https://www.1177.se/hitta-vard/kontaktkort/Barnavardscentralen-Mormo-Gard-Skoghall/,,live_2026-07-21,2026-08-26
SE2321000206-E00437,Njurunda Vårdcentral,Privat,False,Affärsgatan 1,060-51 53 00,62.2968903,17.3786641,22,2281,,22_SE2321000206-E00437,,,1560,0.000641,747,https://www.1177.se/hitta-vard/kontaktkort/Doktorse-Njurunda-Vardcentral/,1177_hsa_2026-07-21,live_2026-07-21,2026-08-26
SE2321000172-2B6X,Norberg Medical Centre,Region,True,"Borgvägen 3, Norberg",,60.0602044,15.928307,19,1962,,19_SE2321000172-2B6X,,,1479,0.000676,266,https://www.1177.se/hitta-vard/kontaktkort/Norberg-Barnavardscentral/,,live_2026-07-21,2026-08-26
SE2321000222-0000297,Norsjö hälsocentral,Region,False,"Storgatan 33, 935 32 Norsjö",090-785 91 16,64.9089402,19.4921599,24,2417,,24_SE2321000222-0000297,,,424,0.002356,254,https://www.1177.se/hitta-vard/kontaktkort/Norsjo-halsocentral/,1177_hsa_2026-07-21,live_2026-07-21,2026-08-26
SE162321000255-O17682,Nova Clinic BVC,Privat,True,"Missunnavägen 9, Ystad",0411-668 50,55.4316367,13.79802,12,1286,,12_SE162321000255-O17682,,,2730,0.000366,425,https://www.1177.se/hitta-vard/kontaktkort/Capio-Barnavardscentral-Ystad/,1177_hsa_2026-07-21,live_2026-07-21,2026-08-26
SE2321000214-0037564,Nya Närvården NNV AB,Privat,False,"Telegatan 8C, 833 51 HOTING",010-161 30 20,64.114381,16.2078865,23,2313,,23_SE2321000214-0037564,,,196,0.005095,49,https://www.1177.se/hitta-vard/kontaktkort/Nya-Narvarden-Hoting-och-Stromsund/,1177_hsa_2026-07-21,live_2026-07-21,2026-08-26
SE2321000131-E000000000310,"Närhälsan Backa barnavårdscentral, Hisings Backa",Region,False,"Rimmaregatan 2, 42255, Hisings Backa",,57.7473071,11.9872621,14,1480,,14_SE2321000131-E000000000310,,,16501,6.1e-05,0,https://www.1177.se/hitta-vard/kontaktkort/Narhalsan-Backa-vardcentral-Hisings-Backa/,,live_2026-07-21,2026-08-26
,"Närhälsan Bengtsfors barnavårdscentral, Bengtsfors",Region,False,,,59.0286485,12.2260779,14,1460,,14_X0655,,,970,0.00103,330,,,,2026-08-26
,"Närhälsan Biskopsgården barnavårdscentral, Göteborg",Region,False,,,57.7134153,11.8939509,14,1480,,14_X0656,,,16823,5.9e-05,658,,,,2026-08-26
SE2321000131-E000000001708,"Närhälsan Bjurslätt barnavårdscentral, Hisingen Göteborg",Privat,False,"Bjurslätts torg 6, 41725, Göteborg",,57.7292392,11.926231,14,1480,,14_SE2321000131-E000000001708,,,16217,6.2e-05,965,https://www.1177.se/hitta-vard/kontaktkort/Narhalsan-Bjurslatt-vardcentral-Hisingen-Goteborg/,,live_2026-07-21,2026-08-26
SE2321000131-E000000000419,"Närhälsan Boda barnavårdscentral, Borås",Region,True,"Smörhulegatan 2, 50742, Borås",,57.7299595,12.988081,14,1490,,14_SE2321000131-E000000000419,,,5010,0.0002,1041,https://www.1177.se/hitta-vard/kontaktkort/Narhalsan-Boda-vardcentral-Boras/,,live_2026-07-21,2026-08-26
SE2321000131-E000000000420,"Närhälsan Bollebygd barnavårdscentral, Bollebygd",Region,True,"Gästgivarevägen 8, 51736, Bollebygd",,57.669458,12.57209,14,1443,,14_SE2321000131-E000000000420,,,1306,0.000766,487,https://www.1177.se/hitta-vard/kontaktkort/Narhalsan-Bollebygd-vardcentral-Bollebygd/,,live_2026-07-21,2026-08-26
,"Närhälsan Brämaregården barnavårdscentral, Göteborg",Region,False,,,57.7204971,11.9400001,14,1480,,14_X0660,,,18501,5.4e-05,1117,,,,2026-08-26
SE2321000131-E000000001652,"Närhälsan Dagson barnavårdscentral, Uddevalla",Region,True,"Södergatan 11, 45140, Uddevalla",,58.3485193,11.9334524,14,1485,,14_SE2321000131-E000000001652,,,2861,0.000349,755,https://www.1177.se/hitta-vard/kontaktkort/Narhalsan-Dagson-vardcentral-Uddevalla/,,live_2026-07-21,2026-08-26
SE2321000131-F000000000752,Närhälsan Dalaberg polyclinics and health visitor,Region,True,"Lövskogsgatan 8, 45172, Uddevalla",010-441 68 00,58.3713545,11.9351153,14,1485,,14_SE2321000131-F000000000752,,,2662,0.000376,913,https://www.1177.se/hitta-vard/kontaktkort/Narhalsan-Dalaberg-barnavardscentral-Uddevalla/,1177_hsa_2026-07-21,live_2026-07-21,2026-08-26
SE2321000131-E000000004897,"Närhälsan Dals-Ed barnavårdscentral, Ed",Region,True,"Storgatan 7 A, 66830, Ed",,58.9109708,11.9399755,14,1438,,14_SE2321000131-E000000004897,,,471,0.002122,99,https://www.1177.se/hitta-vard/kontaktkort/Narhalsan-Dals-Ed-vardcentral-Ed/,,live_2026-07-21,2026-08-26
SE2321000131-E000000000421,"Närhälsan Dalsjöfors barnavårdscentral, Dalsjöfors",Privat,False,"Uppegårdsgatan 2, 51634, Dalsjöfors",,57.7141817,13.0923519,14,1490,,14_SE2321000131-E000000000421,,,2230,0.000448,619,https://www.1177.se/hitta-vard/kontaktkort/Narhalsan-Dalsjofors-vardcentral-Dalsjofors/,1177_hsa_2026-07-21,live_2026-07-21,2026-08-26
SE2321000131-E000000000313,"Närhälsan Ekmanska barnavårdscentral, Göteborg",Region,False,"Lillkullegatan 21 A, 41274, Göteborg",,57.7007026,12.0089236,14,1480,,14_SE2321000131-E000000000313,,,17809,5.6e-05,658,https://www.1177.se/hitta-vard/kontaktkort/Narhalsan-Ekmanska-vardcentral-Goteborg/,,live_2026-07-21,2026-08-26
SE2321000131-E000000008388,"Närhälsan Eriksberg barnavårdscentral, Göteborg",Region,False,"Sjöporten 4, 41764, Göteborg",,57.7013439,11.9154694,14,1480,,14_SE2321000131-E000000008388,,,15860,6.3e-05,535,https://www.1177.se/hitta-vard/kontaktkort/Narhalsan-Eriksberg-vardcentral-Goteborg/,1177_hsa_2026-07-21,live_2026-07-21,2026-08-26
SE2321000131-E000000000429,"Närhälsan Floda barnavårdscentral, Floda",Region,True,"Rurik Holms väg 10 A, 44830, Floda",,57.8080816,12.3610846,14,1441,,14_SE2321000131-E000000000429,,,1930,0.000518,1058,https://www.1177.se/hitta-vard/kontaktkort/Narhalsan-Floda-vardcentral-Floda/,,live_2026-07-21,2026-08-26
SE2321000131-E000000000422,"Närhälsan Fristad barnavårdscentral, Borås",Privat,False,"Tärnavägen 6, 51333, Fristad",,57.8265609,13.011484,14,1490,,14_SE2321000131-E000000000422,,,1782,0.000561,649,https://www.1177.se/hitta-vard/kontaktkort/Narhalsan-Fristad-vardcentral-Boras/,,live_2026-07-21,2026-08-26
SE2321000131-F000000001660,"Närhälsan Frölunda barnavårdscentral, Västra Frölunda",Region,False,"Frölunda Torg 11, 42142, Västra Frölunda",031-346 08 91,57.6501036,11.9178456,14,1480,,14_SE2321000131-F000000001660,,,13982,7.2e-05,0,https://www.1177.se/hitta-vard/kontaktkort/Narhalsan-Frolunda-barnavardscentral-Vastra-Frolunda/,,live_2026-07-21,2026-08-26
,Närhälsan Furulund barnavårdscentral,Region,False,,,57.702856,12.144997,14,1402,,14_X0671,,,7351,0.000136,88,,,,2026-08-26
SE2321000131-E000000005063,Närhälsan Gamlestadstorget vårdcentral och BVC,Region,False,"Säveåns Brygga 5, 41511, Göteborg",,57.726817,12.006769,14,1480,,14_SE2321000131-E000000005063,,,19402,5.2e-05,138,https://www.1177.se/hitta-vard/kontaktkort/Narhalsan-Gamlestadstorget-vardcentral-Goteborg/,,live_2026-07-21,2026-08-26
SE2321000131-E000000000316,"Närhälsan Gibraltargatan barnavårdscentral, Göteborg",Region,False,"Gibraltargatan 1 C, 41132, Göteborg",,57.6919009,11.9776761,14,1480,,14_SE2321000131-E000000000316,,,18566,5.4e-05,445,https://www.1177.se/hitta-vard/kontaktkort/Narhalsan-Gibraltargatan-vardcentral-Goteborg/,,live_2026-07-21,2026-08-26
,Närhälsan Guldvingen vårdcentral och BVC,Region,False,,,58.4944,13.1670522,14,1494,,14_X0675,,,1412,0.000708,1369,,,,2026-08-26
,Närhälsan Gullspång barnavårdscentral - Hova,Region,False,,,58.8558768,14.2164711,14,1447,,14_X0676,,,1773,0.000564,192,,,,2026-08-26
,Närhälsan Götene vårdcentral och BVC,Region,False,,,58.5276885,13.494559,14,1471,,14_X0677,,,569,0.001754,547,,,,2026-08-26
SE2321000131-F000000000544,"Närhälsan Heimdal barnavårdscentral, Borås",Region,False,"Allégatan 39, 503 32, Borås",033-724 64 00,57.7209751,12.9424361,14,1490,,14_SE2321000131-F000000000544,,,5887,0.00017,492,https://www.1177.se/hitta-vard/kontaktkort/BVC-Allekliniken-Sleipner-Boras/,1177_hsa_2026-07-21,live_2026-07-21,2026-08-26
,Närhälsan Hentorp vårdcentral och BVC,Region,False,,,58.3701197,13.8282748,14,1496,,14_X0679,,,3122,0.00032,216,,,,2026-08-26
SE2321000131-E000000001689,Närhälsan Herrljunga vårdcentral och BVC,Region,True,"Horsbyvägen 16 A, 52432, Herrljunga",,58.0759553,13.0145607,14,1466,,14_SE2321000131-E000000001689,,,501,0.001993,473,https://www.1177.se/hitta-vard/kontaktkort/Narhalsan-Herrljunga-vardcentral-Herrljunga/,,live_2026-07-21,2026-08-26
SE2321000131-E000000004576,"Närhälsan Hindås barnavårdscentral, Hindås",Region,True,"Hindås Stationsväg 47, 43853, Hindås",,57.7038588,12.4484105,14,1401,,14_SE2321000131-E000000004576,,,1208,0.000827,327,https://www.1177.se/hitta-vard/kontaktkort/Narhalsan-Hindas-vardcentral-Hindas/,1177_hsa_2026-07-21,live_2026-07-21,2026-08-26
SE2321000131-E000000000465,Närhälsan Hjo health center,Region,True,"Karlsborgsvägen 4 A, 54436, Hjo",,58.3100165,14.3005024,14,1497,,14_SE2321000131-E000000000465,,,1066,0.000938,525,https://www.1177.se/hitta-vard/kontaktkort/Narhalsan-Hjo-vardcentral-Hjo/,1177_hsa_2026-07-21,live_2026-07-21,2026-08-26
SE2321000131-E000000000437,"Närhälsan Horred barnavårdscentral, Horred",Region,False,"Lunnaliden 4, 51930, Horred",,57.3557525,12.474881,14,1463,,14_SE2321000131-E000000000437,,,295,0.003382,345,https://www.1177.se/hitta-vard/kontaktkort/Narhalsan-Horred-vardcentral-Horred/,,live_2026-07-21,2026-08-26
SE2321000131-E000000006737,"Närhälsan Högsbo barnavårdscentral, Högsbo",Region,True,"Markmyntsgatan 14 A, 41480, Göteborg",,57.6700336,11.9287245,14,1480,,14_SE2321000131-E000000006737,,,16239,6.2e-05,1218,https://www.1177.se/hitta-vard/kontaktkort/Narhalsan-Hogsbo-vardcentral-Hogsbo/,1177_hsa_2026-07-21,live_2026-07-21,2026-08-26
SE2321000131-E000000002615,Närhälsan Karlsborg vårdcentral och BVC,Region,True,"Kärleksstigen 4 B, 54630, Karlsborg",,58.5301903,14.5160933,14,1446,,14_SE2321000131-E000000002615,,,463,0.00216,362,https://www.1177.se/hitta-vard/kontaktkort/Narhalsan-Karlsborg-vardcentral-Karlsborg/,1177_hsa_2026-07-21,live_2026-07-21,2026-08-26
SE2321000131-E000000000438,"Närhälsan Kinna barnavårdscentral, Kinna",Region,True,"Kinnaborgsvägen 3, 51123, Kinna",,57.5117797,12.7120332,14,1463,,14_SE2321000131-E000000000438,,,828,0.001208,675,https://www.1177.se/hitta-vard/kontaktkort/Narhalsan-Kinna-vardcentral-Kinna/,,live_2026-07-21,2026-08-26
SE2321000131-E000000000213,"Närhälsan Krokslätt barnavårdscentral, Mölndal",Region,False,"Fredåsgatan 13, 43167, Mölndal",,57.6737363,12.0084048,14,1481,,14_SE2321000131-E000000000213,,,15033,6.7e-05,591,https://www.1177.se/hitta-vard/kontaktkort/Narhalsan-Krokslatt-vardcentral-Molndal/,,live_2026-07-21,2026-08-26
,"Närhälsan Kungshamn barnavårdscentral, Hunnebostrand",Region,False,,,58.4403141,11.3040123,14,1427,,14_X0689,,,708,0.001411,99,,,,2026-08-26
,Närhälsan Kungssten barnavårdscentral,Region,False,,,57.6823448,11.9088535,14,1480,,14_X0690,,,17550,5.7e-05,775,,,,2026-08-26
SE2321000131-E000000000536,Närhälsan Källstorp polyclinics and health visitor,Region,False,"Strömsviksvägen 16, 46159, Trollhättan",,58.2937969,12.2833426,14,1488,,14_SE2321000131-E000000000536,,,3755,0.000266,617,https://www.1177.se/hitta-vard/kontaktkort/Narhalsan-Kallstorp-vardcentral-Trollhattan/,,live_2026-07-21,2026-08-26
SE2321000131-E000000000329,"Närhälsan Kärra barnavårdscentral, Hisings Kärra",Region,True,"Lillekärr Södra 51, 42531, Hisings Kärra",,57.7938599,11.9958317,14,1480,,14_SE2321000131-E000000000329,,,9076,0.00011,701,https://www.1177.se/hitta-vard/kontaktkort/Narhalsan-Karra-vardcentral-Hisings-Karra/,,live_2026-07-21,2026-08-26
SE2321000131-E000000004575,Närhälsan Landvetter child health,Region,True,"Brattåstorget 13, 43835, Landvetter",,57.686811,12.2107669,14,1401,,14_SE2321000131-E000000004575,,,7291,0.000137,882,https://www.1177.se/hitta-vard/kontaktkort/Narhalsan-Landvetter-vardcentral-Landvetter/,1177_hsa_2026-07-21,live_2026-07-21,2026-08-26
SE2321000131-E000000000431,"Närhälsan Lerum barnavårdscentral, Lerum",Region,False,"Göteborgsvägen 9, 44330, Lerum",,57.7685376,12.2657546,14,1441,,14_SE2321000131-E000000000431,,,3113,0.000321,725,https://www.1177.se/hitta-vard/kontaktkort/Narhalsan-Lerum-vardcentral-Lerum/,1177_hsa_2026-07-21,live_2026-07-21,2026-08-26
SE2321000131-E000000000214,Närhälsan Lindome vårdcentral och BVC,Region,True,"Almåsgången 7, 43722, Lindome",,57.5770753,12.0875555,14,1481,,14_SE2321000131-E000000000214,,,4116,0.000243,780,https://www.1177.se/hitta-vard/kontaktkort/Narhalsan-Lindome-vardcentral-Lindome/,,live_2026-07-21,2026-08-26
SE2321000131-E000000000541,Närhälsan Ljungskile vårdcentral och BVC,Region,False,"Vällebergsvägen 28, 45930, Ljungskile",,58.2264767,11.9184215,14,1485,,14_SE2321000131-E000000000541,,,1350,0.00074,662,https://www.1177.se/hitta-vard/kontaktkort/Narhalsan-Ljungskile-vardcentral-Ljungskile/,1177_hsa_2026-07-21,live_2026-07-21,2026-08-26
SE2321000131-E000000000712,"Närhälsan Majorna barnavårdscentral, Majorna",Region,False,"Skärgårdsgatan 4, 41451, Göteborg",,57.6975216,11.9233441,14,1480,,14_SE2321000131-E000000000712,,,17642,5.7e-05,1333,https://www.1177.se/hitta-vard/kontaktkort/Narhalsan-Majorna-vardcentral-Majorna/,,live_2026-07-21,2026-08-26
SE2321000131-E000000007323,"Närhälsan Mariestad barnavårdscentral, Mariestad",Region,True,"Lockerudsvägen 12, 54224, Mariestad",,58.7051164,13.7958309,14,1493,,14_SE2321000131-E000000007323,,,854,0.00117,405,https://www.1177.se/hitta-vard/kontaktkort/Narhalsan-Mariestad-vardcentral-Mariestad/,,live_2026-07-21,2026-08-26
SE2321000131-E000000004899,"Närhälsan Mellerud barnavårdscentral, Mellerud",Privat,True,"Norra Kungsgatan 3, 46430, Mellerud",,58.7000235,12.4538011,14,1461,,14_SE2321000131-E000000004899,,,456,0.002189,619,https://www.1177.se/hitta-vard/kontaktkort/Narhalsan-Mellerud-vardcentral-Mellerud/,,live_2026-07-21,2026-08-26
SE2321000131-E000000004574,"Närhälsan Mölnlycke barnavårdscentral, Mölnlycke",Region,True,"Ekdalavägen 2, 43530, Mölnlycke",,57.6582312,12.1134537,14,1401,,14_SE2321000131-E000000004574,,,10564,9.5e-05,348,https://www.1177.se/hitta-vard/kontaktkort/Narhalsan-Molnlycke-vardcentral-Molnlycke/,1177_hsa_2026-07-21,live_2026-07-21,2026-08-26
,Närhälsan Mösseberg polyclinics and health visitor,Region,False,,,58.18928,13.5540947,14,1499,,14_X0703,,,1871,0.000534,0,,,,2026-08-26
SE2321000131-E000000000463,Närhälsan Norrmalm vårdcentral och BVC,Region,False,"Ekängsvägen 15, 54940, Skövde",,58.4004684,13.8390294,14,1496,,14_SE2321000131-E000000000463,,,3596,0.000278,584,https://www.1177.se/hitta-vard/kontaktkort/Narhalsan-Norrmalm-vardcentral-Skovde/,1177_hsa_2026-07-21,live_2026-07-21,2026-08-26
SE2321000131-E000000000553,Närhälsan Nossebro vårdcentral och BVC,Region,True,"Ängsgatan 2, 46531, Nossebro",,58.1911086,12.726758,14,1445,,14_SE2321000131-E000000000553,,,766,0.001305,288,https://www.1177.se/hitta-vard/kontaktkort/Narhalsan-Nossebro-vardcentral-Nossebro/,1177_hsa_2026-07-21,live_2026-07-21,2026-08-26
,Närhälsan Oden medical center,Region,False,,,58.164032,13.552567,14,1499,,14_X0706,,,2099,0.000476,1330,,,,2026-08-26
SE2321000131-E000000000269,"Närhälsan Partille barnavårdscentral, Partille",Region,True,"Kyrktorget 13, 43333, Partille",,57.7392874,12.1052898,14,1402,,14_SE2321000131-E000000000269,,,13711,7.3e-05,846,https://www.1177.se/hitta-vard/kontaktkort/Narhalsan-Partille-vardcentral-Partille/,,live_2026-07-21,2026-08-26
SE2321000131-E000000000424,Närhälsan Sandared barnavårdscentral,Region,False,"Strandvägen 11, 51832, Sandared",,57.709483,12.7989288,14,1490,,14_SE2321000131-E000000000424,,,2732,0.000366,671,https://www.1177.se/hitta-vard/kontaktkort/Narhalsan-Sandared-vardcentral-Sandared/,,live_2026-07-21,2026-08-26
,"Närhälsan Sannegården barnavårdscentral, Göteborg",Region,False,,,57.7096087,11.9273903,14,1480,,14_X0709,,,17924,5.6e-05,296,,,,2026-08-26
SE2321000131-E000000000425,"Närhälsan Sjöbo barnavårdscentral, Borås",Region,True,"Sjöbo Torggata 4, 50642, Borås",,57.7497593,12.9443595,14,1490,,14_SE2321000131-E000000000425,,,4547,0.00022,516,https://www.1177.se/hitta-vard/kontaktkort/Narhalsan-Sjobo-vardcentral-Boras/,,live_2026-07-21,2026-08-26
,"Närhälsan Skene barnavårdscentral, Skene",Region,False,,,57.4924284,12.6475194,14,1463,,14_X0711,,,839,0.001191,614,,,,2026-08-26
SE2321000131-E000000000540,Närhälsan Skogslyckan vårdcentral och BVC,Region,False,"Sunnanvindsvägen 8, 45160, Uddevalla",,58.360366,11.9133025,14,1485,,14_SE2321000131-E000000000540,,,2762,0.000362,239,https://www.1177.se/hitta-vard/kontaktkort/Narhalsan-Skogslyckan-vardcentral-Uddevalla/,1177_hsa_2026-07-21,live_2026-07-21,2026-08-26
SE2321000131-E000000005569,Närhälsan Solgärde vårdcentral och BVC,Region,False,"Rollsbovägen 58, 44240, Kungälv",,57.8886035,11.9502813,14,1482,,14_SE2321000131-E000000005569,,,3934,0.000254,1111,https://www.1177.se/hitta-vard/kontaktkort/Narhalsan-Solgarde-vardcentral-Kungalv/,,live_2026-07-21,2026-08-26
SE2321000131-E000000001690,Närhälsan Sollebrunn vårdcentral och BVC,Region,False,"Centrumgatan 6, 44170, Sollebrunn",,58.1196195,12.5302484,14,1489,,14_SE2321000131-E000000001690,,,463,0.002158,363,https://www.1177.se/hitta-vard/kontaktkort/Narhalsan-Sollebrunn-vardcentral-Sollebrunn/,,live_2026-07-21,2026-08-26
,Närhälsan Stenstorp vårdcentral och BVC,Region,False,,,58.2715741,13.7120971,14,1499,,14_X0715,,,1483,0.000674,250,,,,2026-08-26
,"Närhälsan Stenungsund barnavårdscentral, Stenungsund",Region,False,,,58.0618394,11.8424831,14,1415,,14_X0716,,,1611,0.000621,787,,,,2026-08-26
SE2321000131-E000000016975,"Närhälsan Stora Höga barnavårdscentral, Stenungsund",Region,False,"Selins väg 7, 444 60, Stora Höga",0303-70 03 00,58.0162343,11.8335547,14,1415,,14_SE2321000131-E000000016975,,,2029,0.000493,618,https://www.1177.se/hitta-vard/kontaktkort/Stora-Hoga-Lakarhus-BVC-Stora-Hoga/,1177_hsa_2026-07-21,live_2026-07-21,2026-08-26
SE2321000131-E000000006741,"Närhälsan Styrsö barnavårdscentral, Styrsö",Region,False,"Brattenvägen 13, 43084, Styrsö",,57.6166665,11.791798,14,1480,,14_SE2321000131-E000000006741,,,7233,0.000138,75,https://www.1177.se/hitta-vard/kontaktkort/Narhalsan-Styrso-vardcentral-Styrso/,,live_2026-07-21,2026-08-26
,"Närhälsan Svenljunga barnavårdscentral, Svenljunga",Region,False,,,57.4945602,13.1173594,14,1465,,14_X0719,,,400,0.002497,473,,,,2026-08-26
SE2321000131-E000000000535,Närhälsan Sylte vårdcentral och BVC,Region,False,"Myrtuvevägen 19, 46167, Trollhättan",,58.2546323,12.2777932,14,1488,,14_SE2321000131-E000000000535,,,3704,0.00027,868,https://www.1177.se/hitta-vard/kontaktkort/Narhalsan-Sylte-vardcentral-Trollhattan/,1177_hsa_2026-07-21,live_2026-07-21,2026-08-26
,"Närhälsan Södra Ryd barnavårdscentral, Skövde",Unknown,False,,,58.4261766,13.8729435,14,1496,,14_X0721,,,3595,0.000278,378,,,,2026-08-26
SE2321000131-E000000000426,"Närhälsan Södra torget barnavårdscentral, Borås",Region,False,"Kvarngatan 4, 50336, Borås",,57.7180583,12.9421629,14,1490,,14_SE2321000131-E000000000426,,,6021,0.000166,216,https://www.1177.se/hitta-vard/kontaktkort/Narhalsan-Sodra-torget-vardcentral-Boras/,1177_hsa_2026-07-21,live_2026-07-21,2026-08-26
SE2321000131-E000000000433,"Närhälsan Sörhaga barnavårdscentral, Alingsås",Region,False,"Södra Ringgatan 34 B, 44133, Alingsås",,57.9290711,12.5192701,14,1489,,14_SE2321000131-E000000000433,,,2870,0.000348,121,https://www.1177.se/hitta-vard/kontaktkort/Narhalsan-Sorhaga-vardcentral-Alingsas/,1177_hsa_2026-07-21,live_2026-07-21,2026-08-26
,Närhälsan Tanumshede polyclinics and health visitor,Region,False,,,58.721909,11.332385,14,1435,,14_X0724,,,1518,0.000659,152,,osm_place:Tanumshede,,2026-08-26
SE2321000131-E000000005013,"Närhälsan Tanumshede vårdcentral - Bullaren, Tanumshede",Region,True,"Ringvägen 1 A, 45730, Tanumshede",,58.7241745,11.3224612,14,1435,,14_SE2321000131-E000000005013,,,494,0.002022,201,https://www.1177.se/hitta-vard/kontaktkort/Narhalsan-Tanumshede-vardcentral-Tanumshede/,1177_hsa_2026-07-21,live_2026-07-21,2026-08-26
SE2321000131-E000000000464,Närhälsan Tibro vårdcentral och BVC,Region,True,"Centrumgatan 17, 54330, Tibro",,58.4252899,14.1647262,14,1472,,14_SE2321000131-E000000000464,,,824,0.001213,739,https://www.1177.se/hitta-vard/kontaktkort/Narhalsan-Tibro-vardcentral-Tibro/,,live_2026-07-21,2026-08-26
SE2321000131-E000000000466,Närhälsan Tidaholm health center,Region,True,"Västra Drottningvägen 11, 52230, Tidaholm",,58.1781603,13.9561631,14,1498,,14_SE2321000131-E000000000466,,,525,0.001902,772,https://www.1177.se/hitta-vard/kontaktkort/Narhalsan-Tidaholm-vardcentral-Tidaholm/,1177_hsa_2026-07-21,live_2026-07-21,2026-08-26
SE2321000131-E000000000552,Närhälsan Tidan polyclinics and health visitor,Region,False,"Tidanvägen 5 A, 54931, Tidan",,58.5745618,14.0056951,14,1496,,14_SE2321000131-E000000000552,,,664,0.001506,246,https://www.1177.se/hitta-vard/kontaktkort/Narhalsan-Tidan-vardcentral-Tidan/,,live_2026-07-21,2026-08-26
,"Närhälsan Tjörn barnavårdscentral - Skärhamn, Skärhamn",Region,False,,,57.9910341,11.5466597,14,1419,,14_X0729,,,900,0.00111,331,,,,2026-08-26
SE2321000131-F000000001164,Närhälsan Tjörn vårdcentral och BVC,Region,False,"Hamngatan 16 B, 47132, Skärhamn",010-473 46 60,58.0259043,11.6576912,14,1419,,14_SE2321000131-F000000001164,,,1635,0.000611,217,https://www.1177.se/hitta-vard/kontaktkort/Narhalsan-Tjorn-barnavardscentral-Kallekarr/,1177_hsa_2026-07-21,live_2026-07-21,2026-08-26
SE2321000131-E000000000326,"Närhälsan Torslanda barnavårdscentral, Torslanda",Region,True,"Nordhagsvägen 2 A, 42334, Torslanda",,57.7190883,11.7741137,14,1480,,14_SE2321000131-E000000000326,,,6396,0.000156,941,https://www.1177.se/hitta-vard/kontaktkort/Narhalsan-Torslanda-vardcentral-Torslanda/,1177_hsa_2026-07-21,live_2026-07-21,2026-08-26
SE2321000131-E000000000427,"Närhälsan Trandared barnavårdscentral, Borås",Region,False,"Kindsgatan 1, 50450, Borås",,57.708078,12.9527227,14,1490,,14_SE2321000131-E000000000427,,,5743,0.000174,850,https://www.1177.se/hitta-vard/kontaktkort/Narhalsan-Trandared-vardcentral-Boras/,,live_2026-07-21,2026-08-26
,"Närhälsan Tranemo vårdcentral - Dalstorp, Tranemo",Region,False,,,57.6041789,13.5106724,14,1452,,14_X0734,,,799,0.001251,329,,,,2026-08-26
,"Närhälsan Tranemo vårdcentral - Limmared, Tranemo",Region,False,,,57.5311016,13.3589143,14,1452,,14_X0735,,,1445,0.000692,118,,,,2026-08-26
,"Närhälsan Tranemo vårdcentral - Länghem, Tranemo",Region,False,,,57.6028871,13.2507627,14,1452,,14_X0736,,,1120,0.000892,201,,,,2026-08-26
SE2321000131-E000000000327,"Närhälsan Tuve barnavårdscentral, Tuve",Region,True,"Tuve torg 4, 41743, Göteborg",,57.7551965,11.9268256,14,1480,,14_SE2321000131-E000000000327,,,11217,8.9e-05,826,https://www.1177.se/hitta-vard/kontaktkort/Narhalsan-Tuve-vardcentral-Tuve/,1177_hsa_2026-07-21,live_2026-07-21,2026-08-26
SE2321000131-E000000001665,Närhälsan Töreboda vårdcentral och BVC,Region,True,"Börstorpsgatan 9, 54531, Töreboda",,58.7067289,14.1219388,14,1473,,14_SE2321000131-E000000001665,,,600,0.001665,370,https://www.1177.se/hitta-vard/kontaktkort/Narhalsan-Toreboda-vardcentral-Toreboda/,1177_hsa_2026-07-21,live_2026-07-21,2026-08-26
,Närhälsan Ulricehamn child health,Region,False,,,57.7932681,13.4128003,14,1491,,14_X0739,,,765,0.001306,479,,,,2026-08-26
SE2321000131-E000000000545,Närhälsan Vargön vårdcentral och BVC,Region,False,"Nordkroksvägen 3 A, 46830, Vargön",,58.3565102,12.3893998,14,1487,,14_SE2321000131-E000000000545,,,2490,0.000401,661,https://www.1177.se/hitta-vard/kontaktkort/Narhalsan-Vargon-vardcentral-Vargon/,,live_2026-07-21,2026-08-26
SE2321000131-E000000001691,Närhälsan Vårgårda vårdcentral och BVC,Region,True,"Centrumgatan 2, 44731, Vårgårda",,58.0323539,12.810263,14,1442,,14_SE2321000131-E000000001691,,,676,0.001478,665,https://www.1177.se/hitta-vard/kontaktkort/Narhalsan-Vargarda-vardcentral-Vargarda/,,live_2026-07-21,2026-08-26
SE2321000131-E000000000434,"Närhälsan Ängabo barnavårdscentral, Alingsås",Region,False,"Sundsbergsvägen 7, 44150, Alingsås",,57.9185957,12.5634887,14,1489,,14_SE2321000131-E000000000434,,,2411,0.000415,365,https://www.1177.se/hitta-vard/kontaktkort/Narhalsan-Angabo-vardcentral-Alingsas/,,live_2026-07-21,2026-08-26
,"Närvård Frostviken, Gäddede",Privat,False,,,64.5019989,14.1444578,23,2313,,23_X0745,,,97,0.010262,31,,,,2026-08-26
SE2321000115-F60156,Närvård knäred vårdcentral,Privat,False,"Närvård Knäred, Prästgårdsvägen 5, Knäred",035-13 10 00,56.5212695,13.314561,13,1381,,13_SE2321000115-F60156,,,484,0.002062,143,https://www.1177.se/hitta-vard/kontaktkort/Barnavardscentralen-Narvard-Knared/,,live_2026-07-21,2026-08-26
,Nättraby vårdcentral,Region,False,,,56.2016459,15.5369056,10,1080,,10_X0747,,,2935,0.000341,639,,,,2026-08-26
SE2321000198-054463,Ockelbo Din hälsocentral,Region,False,"Sjöängsvägen 26, 816 30 Ockelbo",0297-57 25 27,60.8887816,16.7136703,21,2101,,21_SE2321000198-054463,,,472,0.002114,251,https://www.1177.se/hitta-vard/kontaktkort/Barnavardscentral-Ockelbo-Din-halsocentral/,,live_2026-07-21,2026-08-26
,"Odensala hälsocentral, Östersund",Region,False,,,63.1576973,14.7100656,23,2380,,23_X0749,,,2363,0.000423,509,,,,2026-08-26
SE2321000164-10GH,Odensbackens vårdcentral,Region,False,"Örebrovägen 26, Odensbacken",019-602 84 00,59.1588392,15.525947,18,1880,,18_SE2321000164-10GH,,,358,0.00279,408,https://www.1177.se/hitta-vard/kontaktkort/Barnavardscentralen-BVC-Odensbackens-vardcentral/,1177_hsa_2026-07-21,live_2026-07-21,2026-08-26
,Olaus Petri vårdcentral,Region,False,,,59.2805867,15.2173402,18,1880,,18_X0751,,,6255,0.00016,576,,,,2026-08-26
,Olofströms vårdcentral,Region,False,,,56.2778586,14.5394944,10,1060,,10_X0752,,,1111,0.0009,221,,,,2026-08-26
,Olofströmskliniken,Privat,False,,,56.2773498,14.5291665,10,1060,,10_X0753,,,1125,0.000888,472,,,,2026-08-26
SE2321000131-F000000000744,Omtanken Vårdcentral Grimmered,Privat,False,"Lergöksgatan 2B, 421 50, Västra Frölunda",031-352 06 13,57.6539066,11.9041077,14,1480,,14_SE2321000131-F000000000744,,,14760,6.8e-05,898,https://www.1177.se/hitta-vard/kontaktkort/BVC-Omtanken-Vardcentral-Grimmered-Goteborg/,1177_hsa_2026-07-21,live_2026-07-21,2026-08-26
SE2321000164-10F9,Pilgårdens vårdcentral,Region,False,"Pilgatan 2, Degerfors",0586-488 01,59.24232,14.4297447,18,1862,,18_SE2321000164-10F9,,,1217,0.000821,454,https://www.1177.se/hitta-vard/kontaktkort/Barnavardscentralen-BVC-Pilgardens-vardcentral/,1177_hsa_2026-07-21,live_2026-07-21,2026-08-26
,Piteå barnavårdcentral,Region,False,,,65.3186308,21.4780135,25,2581,,25_X0756,,,1490,0.000671,1011,,,,2026-08-26
SE2321000172-3RSJ,"Practitioner position Fagersta Child Care Centre, Fagersta",Privat,False,"Västmanlands Sjukhus Fagersta, Floravägen 1, Fagersta",0223-613 00,59.9964147,15.8093259,19,1982,,19_SE2321000172-3RSJ,,,680,0.00147,567,https://www.1177.se/hitta-vard/kontaktkort/Praktikertjanst-Fagersta-Barnavardscentral/,1177_hsa_2026-07-21,live_2026-07-21,2026-08-26
SE162321000024-0028325,Praktikertjänst AB Bålstadoktorn,Privat,False,Sjövägen 12 Bålsta,0171-66 71 00,59.5579156,17.5380421,03,0305,,03_SE162321000024-0028325,,,3743,0.000267,1272,https://www.1177.se/hitta-vard/kontaktkort/Barnavardscentral-BalstaDoktorn-Balsta/,,live_2026-07-21,2026-08-26
SE2321000172-2WHZ,Praktikertjänst AB Primapraktiken,Privat,False,,,58.2701019,12.2764703,14,1488,,14_SE2321000172-2WHZ,,,3865,0.000259,206,,,identity_mismatch_2026-07-21,2026-08-26
SE2321000198-041305,Premicare Bergsjö hälsocentral,Privat,False,"Bållebergsvägen 5, 829 50 Bergsjö",0652-56 48 00,61.9782797,17.0551301,21,2132,,21_SE2321000198-041305,,,381,0.002624,175,https://www.1177.se/hitta-vard/kontaktkort/Premicare-Bergsjo-halsocentral/,,live_2026-07-21,2026-08-26
,"Premicare Johannesberg, Härnösand",Unknown,False,,,62.6348387,17.931592,22,2280,,22_X0761,,,1480,0.000675,588,,,,2026-08-26
,Premicare Söråker,Privat,False,,,62.5073673,17.5073004,22,2262,,22_X0762,,,841,0.001188,197,,,,2026-08-26
SE2321000206-E00436,Premicare Timr,Privat,False,"Köpmangatan 31, 861 31 Timrå",060-59 55 00,62.4867457,17.3240977,22,2262,,22_SE2321000206-E00436,,,2673,0.000374,1096,https://www.1177.se/hitta-vard/kontaktkort/Premicare-Timra/,,live_2026-07-21,2026-08-26
SE2321000206-E00561,Premicare Öbacka,Privat,False,Kapellgatan 24,0611-33 23 00,62.632033,17.957662,22,2280,,22_SE2321000206-E00561,,,1400,0.000714,443,https://www.1177.se/hitta-vard/kontaktkort/Premicare-Obacka/,,live_2026-07-21,2026-08-26
,Prima Barnavårdscentral,Privat,False,,,59.6110084,16.5386773,19,1980,,19_X0765,,,7388,0.000135,671,,,,2026-08-26
SE2321000065-7330028055106,Primavård - Vårdcentralen Söder,Region,False,Trädgårdsgatan 10 Växjö,,56.8747663,14.8038633,07,0780,,07_SE2321000065-7330028055106,,,4498,0.000222,62,https://www.1177.se/hitta-vard/kontaktkort/Barnavardscentralen-Prima-Vard-Soder-Vaxjo/,,live_2026-07-21,2026-08-26
SE2321000222-0269439,Robertsfors barnavårdcentral,Privat,False,"Fabriksvägen 3, 915 32 Robertsfors",090-785 91 21,64.1927517,20.8445707,24,2409,,24_SE2321000222-0269439,,,272,0.003668,278,https://www.1177.se/hitta-vard/kontaktkort/Barnhalsovard-Robertsfors-halsocentral/,1177_hsa_2026-07-21,live_2026-07-21,2026-08-26
,Ronneby health care center,Region,False,,,56.2066802,15.2706232,10,1081,,10_X0768,,,1748,0.000572,529,,,,2026-08-26
SE2321000065-7330028996119,Ryd vårdcentral,Region,False,Norra Hantverkaregatan 6  36256 Ryd,0459-59 40 00,56.4653009,14.6930924,07,0763,,07_SE2321000065-7330028996119,,,349,0.002858,195,https://www.1177.se/hitta-vard/kontaktkort/Barnavardscentralen-Ryd-Ryd/,,live_2026-07-21,2026-08-26
SE2321000180-4715,Rättviks health center,Region,False,"Centralgatan 1, Rättvik",0248-49 47 28,60.8886983,15.1157169,20,2031,,20_SE2321000180-4715,,,488,0.002049,503,https://www.1177.se/hitta-vard/kontaktkort/Barnavardscentral-Rattvik/,1177_hsa_2026-07-21,live_2026-07-21,2026-08-26
SE2321000172-31DM,Råby Barnavårdscentral,Region,False,"Rosenfinksgatan 2, Västerås",,59.6087697,16.4897274,19,1980,,19_SE2321000172-31DM,,,6763,0.000148,0,https://www.1177.se/hitta-vard/kontaktkort/Raby-Barnavardscentral-Vasteras/,,live_2026-07-21,2026-08-26
,Råneå vårdcentral,Region,False,,,65.858147,22.2973923,25,2580,,25_X0773,,,337,0.002963,367,,,,2026-08-26
SE2321000057-9TZP,Råslätts barnhälsovård,Privat,True,"Familjecentralen, Törnskategatan 1, Jönköping",010-243 49 80,57.7385653,14.1506151,06,0680,,06_SE2321000057-9TZP,,,2152,0.000465,1369,https://www.1177.se/hitta-vard/kontaktkort/Barnhalsovarden-Raslatt/,,live_2026-07-21,2026-08-26
,Rödeby vårdcentral,Region,False,,,56.2614208,15.6164489,10,1080,,10_X0775,,,2168,0.000461,421,,,,2026-08-26
SE2321000172-2B74,Sala Väsby Barnavårdscentral,Region,False,"Västmanlands sjukhus Sala, ingång 1, entréplan, Järnvägsgatan 7A, Sala",0224-584 00,59.925451,16.6000642,19,1981,,19_SE2321000172-2B74,,,880,0.001136,662,https://www.1177.se/hitta-vard/kontaktkort/Sala-Vasby-Barnavardscentral/,,live_2026-07-21,2026-08-26
SE2321000016-14CZ,Salem barnavårdscentral,Privat,True,"Säby torg 10, Rönninge",08-123 672 50,59.2014171,17.7666057,01,0128,,01_SE2321000016-14CZ,,,9936,0.000101,1320,https://www.1177.se/hitta-vard/kontaktkort/Salems-BVC-Salems-vardcentral/,,live_2026-07-21,2026-08-26
SE2321000222-0269446,Savar Health Center,Privat,False,"Kungsvägen 4A, 918 31 Sävar",090-785 44 47,63.898023,20.5512837,24,2480,,24_SE2321000222-0269446,,,1396,0.000716,458,https://www.1177.se/hitta-vard/kontaktkort/Barnhalsovard-Savar-halsocentral/,,live_2026-07-21,2026-08-26
SE2321000172-2CQD,Servicehälsan Barnavårdscentral,Region,False,"Legeringsgatan 2, Västerås",,59.6167269,16.5542167,19,1980,,19_SE2321000172-2CQD,,,7848,0.000127,0,https://www.1177.se/hitta-vard/kontaktkort/Servicehalsan-Barnavardscentral-Vasteras/,,live_2026-07-21,2026-08-26
SE2321000016-2MG3,Sigtuna Barnavårdscentral,Privat,False,"Stora gatan 56B, Sigtuna",08-123 451 05,59.6156468,17.7196467,01,0191,,01_SE2321000016-2MG3,,,1242,0.000805,129,https://www.1177.se/hitta-vard/kontaktkort/Sigtuna-BVC/,,live_2026-07-21,2026-08-26
SE2321000164-10GM,Skebäcks vårdcentral,Region,False,"Wadköpingsvägen 36, Örebro",019-602 25 00,59.2721221,15.2341223,18,1880,,18_SE2321000164-10GM,,,5540,0.00018,613,https://www.1177.se/hitta-vard/kontaktkort/Barnavardscentralen-BVC-Skebacks-vardcentral/,1177_hsa_2026-07-21,live_2026-07-21,2026-08-26
SE2321000172-2B7C,Skinnskattebergs barnavårdscentral,Region,False,"Kyrkvägen 1, Skinnskatteberg",,59.8276793,15.6866687,19,1904,,19_SE2321000172-2B7C,,,475,0.002102,174,https://www.1177.se/hitta-vard/kontaktkort/Skinnskatteberg-Barnavardscentral/,,live_2026-07-21,2026-08-26
SE2321000172-2BQ3,Skultuna Barnavårdscentral,Region,True,"Västeråsvägen 32, Skultuna",021-17 66 37,59.7197384,16.4257346,19,1980,,19_SE2321000172-2BQ3,,,1783,0.000561,326,https://www.1177.sehttps://www.1177.se/hitta-vard/kontaktkort/Skultuna-Barnavardscentral/,,identity_mismatch_2026-07-21,2026-08-26
SE2321000040-5061,Skänninge vårdcentral,Region,False,"Mjölbygatan 30, Skänninge",010-105 98 10,58.3884495,15.0879838,05,0586,,05_SE2321000040-5061,,,1180,0.000847,330,https://www.1177.se/hitta-vard/kontaktkort/Barnavardscentralen-Vardcentralen-Skanninge/,,live_2026-07-21,2026-08-26
,Skåre vårdcentral,Privat,False,,,59.4364369,13.4392642,17,1780,,17_X0785,,,3435,0.000291,456,,,,2026-08-26
SE2321000180-4H28,Smedjebacken vårdcentral,Region,False,"Bergslagsvägen 19, Smedjebacken",0240-49 58 00,60.1452941,15.4108533,20,2061,,20_SE2321000180-4H28,,,1166,0.000857,134,https://www.1177.se/hitta-vard/kontaktkort/Barnavardscentral-Smedjebacken/,1177_hsa_2026-07-21,live_2026-07-21,2026-08-26
SE2321000057-9V0F,Smålandsstenars health center,Region,True,"Familjecentralen, Torggatan 6, Smålandsstenar",010-243 49 80,57.1636072,13.4108402,06,0662,,06_SE2321000057-9V0F,,,349,0.002859,571,https://www.1177.se/hitta-vard/kontaktkort/Barnhalsovarden-Smalandsstenar/,,live_2026-07-21,2026-08-26
SE2321000016-15CR,Sollentuna BVC,Region,False,"Mässvägen 7B, Sollentuna",08-123 360 88,59.4255256,17.948986,01,0163,,01_SE2321000016-15CR,,,8406,0.000119,1471,https://www.1177.se/hitta-vard/kontaktkort/Sollentuna-BVC/,,live_2026-07-21,2026-08-26
SE2321000222-0269431,Sorsele sjukstuga hälsocentral,Region,False,"Burevägen 13, 924 31 Sorsele",090-785 91 71,65.5373381,17.5410409,24,2422,,24_SE2321000222-0269431,,,434,0.002302,89,https://www.1177.se/hitta-vard/kontaktkort/Barnhalsovard-Sorsele-halsocentral/,,live_2026-07-21,2026-08-26
SE2321000131-F000000000963,Sotenäs vårdcentral,Region,False,"Skolgatan 19, 456 61, Hunnebostrand",0523-199 70,58.4390387,11.301381,14,1427,,14_SE2321000131-F000000000963,,,697,0.001433,28,https://www.1177.se/hitta-vard/kontaktkort/BVC-Sotenas-Vardcentral-i-Hunnebostrand-Hunnebostrand/,1177_hsa_2026-07-21,live_2026-07-21,2026-08-26
,Stadsvikens vårdcentral,Region,False,,,65.5914563,22.1530564,25,2580,,25_X0791,,,3705,0.00027,89,,,,2026-08-26
,Stenbergska hälsocentralen,Region,False,,,64.5997112,18.6732609,24,2481,,24_X0792,,,894,0.001118,80,,,,2026-08-26
,Storsjö Kapells distriktssköterskemottagning,Unknown,False,,,62.8023112,13.0530613,23,2326,,23_X0793,,,19,0.051717,4,,,,2026-08-26
SE2321000222-0269442,Storumans sjukstuga,Unknown,False,"Backvägen 2, 923 32 Storuman",090-785 44 73,65.0967071,17.1218042,24,2421,,24_SE2321000222-0269442,,,597,0.001672,212,https://www.1177.se/hitta-vard/kontaktkort/Barnhalsovard-Storuman-halsocentral/,1177_hsa_2026-07-21,live_2026-07-21,2026-08-26
SE2321000198-021143,Storvik Din Hälsocentral,Region,True,,,60.586781,16.5332244,21,2181,,21_SE2321000198-021143,,,462,0.002162,436,,,no_live_card_2026-07-21,2026-08-26
SE2321000164-014TJ,Storå vårdcentral,Region,False,"Storå, Kopparbergsvägen 17",0581-848 50,59.7141537,15.1277107,18,1885,,18_SE2321000164-014TJ,,,345,0.002898,197,https://www.1177.se/hitta-vard/kontaktkort/Barnavardscentralen-BVC-Idun-vardcentral-Stora/,,live_2026-07-21,2026-08-26
SE2321000198-054420,Strömsbro Din hälsocentral,Region,False,"Gamla Bönavägen 19, 806 46 Gävle",026-15 77 50,60.7061988,17.1627149,21,2180,,21_SE2321000198-054420,,,3553,0.000281,946,https://www.1177.se/hitta-vard/kontaktkort/Barnavardscentral-Stromsbro-Din-halsocentral/,1177_hsa_2026-07-21,live_2026-07-21,2026-08-26
SE2321000065-7330028996133,Strömsnäsbruk Vårdcentral,Region,True,"Wennerbergsgatan 16 K, Strömsnäsbruk",0433-56 48 13,56.5438006,13.7374432,07,0767,,07_SE2321000065-7330028996133,,,922,0.001085,248,https://www.1177.se/hitta-vard/kontaktkort/Barnavardscentralen-Stromsnasbruk-Stromsnasbruk-Markaryds-Kommun/,1177_hsa_2026-07-21,live_2026-07-21,2026-08-26
,Strömsunds hälsocentral,Region,False,,,63.8588959,15.5645995,23,2313,,23_X0799,,,1165,0.000858,322,,,,2026-08-26
,Stuguns hälsocentral,Region,False,,,63.1676612,15.5938033,23,2303,,23_X0800,,,313,0.003191,113,,,,2026-08-26
SE2321000016-4ZC3,Stureby Barnavårdscentral,Privat,False,"Tussmötevägen 181, ENSKEDE",,59.2781514,18.0661201,01,0180,,01_SE2321000016-4ZC3,,,15825,6.3e-05,2154,https://www.1177.se/hitta-vard/kontaktkort/Stureby-Barnavardscentral/,,live_2026-07-21,2026-08-26
,Sundsvalls vårdcentral,Privat,False,,,62.378959,17.347444,22,2281,,22_X0802,,,3194,0.000313,426,,,,2026-08-26
SE162321000156-3TGQ,Sunne Mödra-& barnhälsovård,Privat,True,"Familjecentralen, Åmbergsvägen 12, Sunne",010-834 75 77,59.843717,13.1407342,17,1766,,17_SE162321000156-3TGQ,,,629,0.00159,575,https://www.1177.se/hitta-vard/kontaktkort/Barnavardscentralen-vardcentralen-Sunne/,,live_2026-07-21,2026-08-26
SE2321000172-2CQH,"Surahammars Barnavårdscentral, Surahammar",Privat,False,"Köpmangatan 25, Surahammar",0220-397 00,59.7072137,16.2216571,19,1907,,19_SE2321000172-2CQH,,,1345,0.000743,477,https://www.1177.se/hitta-vard/kontaktkort/Surahammars-Barnavardscentral/,,live_2026-07-21,2026-08-26
SE2321000016-4GH9,Surbrunns bvc,Region,False,"Surbrunnsgatan 66, Stockholm",08-123 396 14,59.3436961,18.050511,01,0180,,01_SE2321000016-4GH9,,,16436,6.1e-05,0,https://www.1177.se/hitta-vard/kontaktkort/Surbrunns-BVC/,,live_2026-07-21,2026-08-26
SE162321000255-O17817,Svea Clinic,Privat,False,"Toftavägen 25, Svedala",040-618 80 00,55.5183159,13.2307282,12,1263,,12_SE162321000255-O17817,,,4572,0.000219,350,https://www.1177.se/hitta-vard/kontaktkort/Sveakliniken-BVC-Svedala/,1177_hsa_2026-07-21,live_2026-07-21,2026-08-26
,Svegs hälsocentral,Region,False,,,62.0395646,14.3533515,23,2361,,23_X0807,,,667,0.001498,208,,,,2026-08-26
,Svenstaviks hälsocentral,Region,False,,,62.7640617,14.4317898,23,2326,,23_X0808,,,587,0.001702,205,,,,2026-08-26
SE2321000180-4H25,Särna vårdcentral,Region,False,"Sjukstugevägen 16 A, Särna",0253-49 87 00,61.6915145,13.1262306,20,2039,,20_SE2321000180-4H25,,,69,0.014447,67,https://www.1177.se/hitta-vard/kontaktkort/Barnavardscentral-Sarna/,1177_hsa_2026-07-21,live_2026-07-21,2026-08-26
SE2321000180-472M,Säters vårdcentral,Region,False,"Jönshyttevägen 1, Säter",0225-49 45 00,60.3423187,15.7183512,20,2082,,20_SE2321000180-472M,,,491,0.002037,450,https://www.1177.se/hitta-vard/kontaktkort/Barnavardscentral-Sater/,,live_2026-07-21,2026-08-26
,Söderhamnsfjärdens Health center,Privat,False,,,61.3077316,17.0693817,21,2182,,21_X0811,,,1145,0.000873,452,,,,2026-08-26
,Sölvesborgs vårdcentral,Region,False,,,56.0558151,14.5836183,10,1083,,10_X0812,,,1537,0.00065,834,,,,2026-08-26
SE2321000016-2WXV,Tallhöjdens barnavårdscentral,Privat,False,"Tallhöjdsvägen 3, Södertälje",08-123 394 66,59.20624,17.6289663,01,0181,,01_SE2321000016-2WXV,,,2401,0.000416,2212,https://www.1177.se/hitta-vard/kontaktkort/Tallhojdens-BVC/,,live_2026-07-21,2026-08-26
SE2321000040-56WW,Tannefors vårdcentral,Region,False,"Nya Tanneforsvägen 43 C, Linköping",010-105 96 64,58.4070068,15.6416051,05,0580,,05_SE2321000040-56WW,,,4869,0.000205,461,https://www.1177.se/hitta-vard/kontaktkort/Barnavardscentralen-Vardcentralen-Tannefors/,1177_hsa_2026-07-21,live_2026-07-21,2026-08-26
SE2321000172-2CQ8,Tegnér Barnavårdscentral,Privat,False,"Plan 1, Forskargränd 2, Västerås",,59.6193264,16.5573151,19,1980,,19_SE2321000172-2CQ8,,,7982,0.000125,1443,https://www.1177.se/hitta-vard/kontaktkort/Tegner-Barnavardscentral-Vasteras/,,live_2026-07-21,2026-08-26
,Tegs Familjecentral,Region,True,,,63.8204642,20.2538651,24,2480,,24_X0816,,,3926,0.000255,1158,,,,2026-08-26
SE2321000016-7CQW,Telefonplans BVC,Privat,False,"Tellusgången 25, HÄGERSTEN",08-580 000 10,59.2987386,17.990846,01,0180,,01_SE2321000016-7CQW,,,16409,6.1e-05,1925,https://www.1177.se/hitta-vard/kontaktkort/Telefonplans-BVC/,,live_2026-07-21,2026-08-26
SE2321000040-504X,The health center Vadstena,Region,False,"Jungfruvägen 5, Vadstena",010-105 98 30,58.4530492,14.9004053,05,0584,,05_SE2321000040-504X,,,1147,0.000872,355,https://www.1177.se/hitta-vard/kontaktkort/Barnavardscentralen-Vardcentralen-Vadstena/,1177_hsa_2026-07-21,live_2026-07-21,2026-08-26
,Torvalla barnavårdcentral,Privat,False,,,63.1576817,14.7437075,23,2380,,23_X0819,,,2666,0.000375,498,,,,2026-08-26
SE2321000016-14L7,Trollbäckens barnavårdscentral,Privat,False,"Kumla allé 3, Tyresö",08-123 479 23,59.222426,18.201344,01,0138,,01_SE2321000016-14L7,,,8359,0.00012,1770,https://www.1177.se/hitta-vard/kontaktkort/Trollbackens-BVC-Trollbackens-vardcentral/,1177_hsa_2026-07-21,live_2026-07-21,2026-08-26
SE2321000081-a274,Trossö health center,Region,False,"Fortifikationsgatan 9, Karlskrona",0455-73 57 55,56.160581,15.5896368,10,1080,,10_SE2321000081-a274,,,2649,0.000377,89,https://www.1177.se/hitta-vard/kontaktkort/Trosso-vardcentral-Karlskrona/,,live_2026-07-21,2026-08-26
SE2321000040-7KQ4,Trädgårdstorgets vårdcentral,Privat,False,"S:t Larsgatan 19, Linköping",013-495 28 94,58.4127306,15.6240695,05,0580,,05_SE2321000040-7KQ4,,,4591,0.000218,257,https://www.1177.se/hitta-vard/kontaktkort/Barnavardscentralen-Tradgardstorgets-vardcentral-Praktikertjanst/,,live_2026-07-21,2026-08-26
,"Tudorkliniken Barnavårdscentral Gullbrandstorp, Gullbrandstorp",Privat,False,,,56.7033897,12.7325439,13,1380,,13_X0823,,,3770,0.000265,535,,,,2026-08-26
,"Tudorkliniken Barnavårdscentral Halmstad, Halmstad",Privat,False,,,56.6745989,12.8624546,13,1380,,13_X0824,,,6924,0.000144,329,,,,2026-08-26
,"Tudorkliniken Barnavårdscentral Oskarström, Oskarström",Region,False,,,56.8026791,12.971657,13,1380,,13_X0825,,,1971,0.000507,466,,,,2026-08-26
,"Tudorkliniken Barnavårdscentral Skummeslövsstrand, Skummeslövsstrand",Privat,False,,,56.4607159,12.9222225,13,1381,,13_X0826,,,2576,0.000388,62,,,,2026-08-26
SE2321000016-14MB,Tullinge Barnavårdscentral,Privat,True,"Kvällsvägen 1, Tullinge",08-123 424 70,59.2054921,17.9058981,01,0127,,01_SE2321000016-14MB,,,4636,0.000216,1323,https://www.1177.se/hitta-vard/kontaktkort/Tullinge-BVC-Tullinge-vardcentral/,,live_2026-07-21,2026-08-26
SE2321000016-14FZ,Tumba Barnavårdscentral,Region,False,"Samaritvägen 4, Tumba",08-123 427 70,59.2047804,17.8384955,01,0127,,01_SE2321000016-14FZ,,,3540,0.000282,448,https://www.1177.se/hitta-vard/kontaktkort/Tumba-BVC-Tumba-vardcentral/,1177_hsa_2026-07-21,live_2026-07-21,2026-08-26
,Tvings Hälsocentral,Region,False,,,56.3112731,15.4639113,10,1080,,10_X0829,,,643,0.001553,112,,,,2026-08-26
SE2321000172-2B6R,Ullvi-Tuna Barnavårdscentral,Region,False,"Glasgatan 27, Köping",0221-264 61,59.5091061,16.0026776,19,1983,,19_SE2321000172-2B6R,,,2492,0.000401,15,https://www.1177.se/hitta-vard/kontaktkort/Ullvi-Tuna-Barnavardscentral-Koping/,1177_hsa_2026-07-21,live_2026-07-21,2026-08-26
SE2321000016-12ZP,Upplands Väsby BVC,Privat,False,"Dragonvägen 92, UPPLANDS VÄSBY",08-400 602 60,59.5194097,17.9099505,01,0114,,01_SE2321000016-12ZP,,,1575,0.000635,3138,https://www.1177.se/hitta-vard/kontaktkort/Upplands-Vasby-BVC/,,live_2026-07-21,2026-08-26
,Ursvikens Familjecentral,Region,True,,,64.6997524,21.1880267,24,2482,,24_X0833,,,1714,0.000583,561,,,,2026-08-26
SE2321000198-054426,Valbo Hälsocentral,Region,False,"Bäckvägen 5, 818 31 Valbo",026-15 77 80,60.6440355,17.0074795,21,2180,,21_SE2321000198-054426,,,3346,0.000299,728,https://www.1177.se/hitta-vard/kontaktkort/Barnavardscentral-Valbo-Din-halsocentral/,,live_2026-07-21,2026-08-26
SE8362008628-a3219,"Valjehälsan, Sölvesborg",Privat,False,Herrgårdsvägen 97,0456-329 60,56.0488327,14.5551175,10,1083,,10_SE8362008628-a3219,,,841,0.001188,50,https://www.1177.se/hitta-vard/kontaktkort/Valjehalsan-Solvesborg/,,live_2026-07-21,2026-08-26
SE2321000016-151V,Vallentuna BVC,Region,False,"Åby gata 6, Vallentuna",08-123 493 70,59.5354811,18.0829652,01,0115,,01_SE2321000016-151V,,,1054,0.000948,1412,https://www.1177.se/hitta-vard/kontaktkort/Vallentuna-BVC/,,live_2026-07-21,2026-08-26
SE2321000016-12XB,Valsta vårdcentral,Privat,False,"Hammargatan 23, Märsta",08-123 452 35,59.6158668,17.8284553,01,0191,,01_SE2321000016-12XB,,,2611,0.000383,1523,https://www.1177.se/hitta-vard/kontaktkort/Valsta-BVC/,1177_hsa_2026-07-21,live_2026-07-21,2026-08-26
SE162321000156-4B0C,Verkstadens vårdcentral,Privat,False,"Fabriksgatan 5, Arvika",010-831 26 44,59.6541756,12.6013499,17,1784,,17_SE162321000156-4B0C,,,811,0.001233,1061,https://www.1177.se/hitta-vard/kontaktkort/Barnavardscentralen-vardcentralen-Verkstaden-Arvika/,,live_2026-07-21,2026-08-26
SE2321000172-2BRK,Viksäng Barnavårdscentral,Region,False,"Kaserngatan 12, Västerås",021-17 47 98,59.6088856,16.5754872,19,1980,,19_SE2321000172-2BRK,,,6936,0.000144,946,https://www.1177.se/hitta-vard/kontaktkort/Viksang-Barnavardscentral-Vasteras/,1177_hsa_2026-07-21,live_2026-07-21,2026-08-26
SE162321000255-O17613,Vilans vårdcentral,Privat,False,"Genvägen 42, Kristianstad",044-309 02 40,56.0191814,14.1408072,12,1290,,12_SE162321000255-O17613,,,3236,0.000309,295,https://www.1177.se/hitta-vard/kontaktkort/Barnavardscentralen-Vilan/,,live_2026-07-21,2026-08-26
SE2321000222-0269450,Vindelns hälsocentral,Region,False,"Storvägen 56, 922 31 Vindeln",090-785 44 42,64.2011556,19.7142,24,2404,,24_SE2321000222-0269450,,,387,0.00258,398,https://www.1177.se/hitta-vard/kontaktkort/Barnhalsovard-Vindelns-halsocentral/,,live_2026-07-21,2026-08-26
SE2321000065-7330028168271,Växjöhälsan,Privat,False,Hjortvägen 1 352 45 Växjö,0470-73 81 80,56.9066078,14.8192131,07,0780,,07_SE2321000065-7330028168271,,,4431,0.000226,719,https://www.1177.se/hitta-vard/kontaktkort/Barnavardscentralen-Vaxjohalsan-Vaxjo-Vaxjo/,,live_2026-07-21,2026-08-26
SE2321000032-4HFT,Vår Vårdcentral Katrineholm HB,Privat,False,Drottningatan 4,0150-725 15,58.9952856,16.2042217,04,0483,,04_SE2321000032-4HFT,,,1473,0.000678,715,https://www.1177.se/hitta-vard/kontaktkort/Barnavardscentralen-Vardcentralen-Var-Vardcentral-Katrineholm-Katrineholm/,1177_hsa_2026-07-21,live_2026-07-21,2026-08-26
SE2321000180-4H3L,Vårdcentral Avonova Läkarhuset Borlänge,Privat,False,"Gyllehemsvägen 10, Borlänge",0243-22 80 08,60.472703,15.4553117,20,2081,,20_SE2321000180-4H3L,,,2371,0.000422,2152,https://www.1177.se/hitta-vard/kontaktkort/Barnavardscentral-Lakarhuset/,1177_hsa_2026-07-21,live_2026-07-21,2026-08-26
SE2321000180-4LRX,Vårdcentral Engelbrekt Ludvika AB,Privat,False,"Engelbrektsgatan 20, Ludvika",0240-69 51 10,60.148197,15.1877784,20,2085,,20_SE2321000180-4LRX,,,1336,0.000748,1106,https://www.1177.se/hitta-vard/kontaktkort/Barnavardscentral-Engelbrekt/,,live_2026-07-21,2026-08-26
,Vårdcentral Kvarnporten,Region,False,,,60.5983351,15.6446922,20,2080,,20_X0846,,,2028,0.000493,187,,,,2026-08-26
SE162321000156-3R0H,Vårdcentral Molkom,Region,False,"Skolgatan 3 A, Molkom",010-834 19 06,59.5996098,13.721916,17,1780,,17_SE162321000156-3R0H,,,307,0.003249,209,https://www.1177.se/hitta-vard/kontaktkort/Barnavardscentralen-vardcentralen-Molkom/,1177_hsa_2026-07-21,live_2026-07-21,2026-08-26
,Vårdcentral Skärblacka,Region,False,,,58.5806756,15.9140034,05,0581,,05_X0848,,,1198,0.000834,257,,,,2026-08-26
SE2321000180-4H1M,Vårdcentral Sunnansjö,Region,False,"Sjukstugevägen 3, Sunnansjö",0240-49 57 59,60.2159721,14.9546704,20,2085,,20_SE2321000180-4H1M,,,252,0.003957,273,https://www.1177.se/hitta-vard/kontaktkort/Barnavardscentral-Sunnansjo/,,live_2026-07-21,2026-08-26
,Vårdcentral Uddevalla,Region,False,,,58.3506177,11.8446012,14,1485,,14_X0850,,,2489,0.000402,0,,,,2026-08-26
SE162321000024-0023754,Vårdcentral Uppsala,Region,False,"Gränby Bilgata 2, Uppsala",018-611 75 40,59.8699737,17.6569643,03,0380,,03_SE162321000024-0023754,,,8122,0.000123,1072,https://www.1177.se/hitta-vard/kontaktkort/Barnavardscental-Liljeforstorgs-vardcentral/,,live_2026-07-21,2026-08-26
SE2321000180-4H2G,Vårdcentral Vansbro,Region,False,"Moravägen 27, Vansbro",0281-49 81 00,60.5161803,14.2327766,20,2021,,20_SE2321000180-4H2G,,,369,0.00271,319,https://www.1177.se/hitta-vard/kontaktkort/Barnavardscentral-Vansbro/,1177_hsa_2026-07-21,live_2026-07-21,2026-08-26
SE2321000040-504F,Vårdcentralen Borensberg,Region,False,"Hamnvägen 3 B, Borensberg",010-104 83 07,58.5620712,15.2775272,05,0583,,05_SE2321000040-504F,,,601,0.001663,441,https://www.1177.se/hitta-vard/kontaktkort/Barnavardscentralen-Vardcentralen-Borensberg/,,live_2026-07-21,2026-08-26
SE2321000040-503X,Vårdcentralen Brinken,Region,False,"Sveavägen 32, Motala",010-104 74 60,58.5291994,15.0514513,05,0583,,05_SE2321000040-503X,,,1680,0.000595,633,https://www.1177.se/hitta-vard/kontaktkort/Barnavardscentralen-Vardcentralen-Brinken/,,live_2026-07-21,2026-08-26
SE2321000131-F000000000791,Vårdcentralen Centrum Praktikertjänst Skövde,Privat,False,"Stationsgatan 10, 541 41, Skövde",0500-38 16 90,58.3889871,13.8504721,14,1496,,14_SE2321000131-F000000000791,,,3722,0.000269,646,https://www.1177.se/hitta-vard/kontaktkort/BVC-Vardcentralen-Centrum-Skovde-Skovde/,,live_2026-07-21,2026-08-26
SE2321000206-E00438,Vårdcentralen Fränsta,Region,False,"Mårtensvägen 2, 841 71 Fränsta",,62.5007473,16.1667341,22,2260,,22_SE2321000206-E00438,,,467,0.002141,360,https://www.1177.se/hitta-vard/kontaktkort/Vardcentralen-Fransta/,,live_2026-07-21,2026-08-26
SE162321000156-4M25,Vårdcentralen Hagfors,Region,True,"Familjecentralen, Sjukhusvägen 22, Hagfors",010-834 76 22,60.0330411,13.7102646,17,1783,,17_SE162321000156-4M25,,,287,0.003476,460,https://www.1177.se/hitta-vard/kontaktkort/Barnavardscentralen-vardcentralen-Hagfors-Eksharad/,,live_2026-07-21,2026-08-26
SE2321000040-56K2,Vårdcentralen Kolmården,Region,False,"Munkvägen 13, Kolmården",010-104 47 17,58.668938,16.3626171,05,0581,,05_SE2321000040-56K2,,,768,0.001301,439,https://www.1177.se/hitta-vard/kontaktkort/Barnavardscentralen-Vardcentralen-Kolmarden/,1177_hsa_2026-07-21,live_2026-07-21,2026-08-26
SE2321000040-503D,Vårdcentralen Lyckorna,Region,False,"Lasarettsgatan 37, Motala",010-104 74 00,58.5440789,15.0291843,05,0583,,05_SE2321000040-503D,,,1703,0.000587,1024,https://www.1177.se/hitta-vard/kontaktkort/Barnavardscentralen-Vardcentralen-Lyckorna/,,live_2026-07-21,2026-08-26
,"Vårdcentralen Läkarhuset Ljungby, Ljungby",Privat,False,,,56.8337847,13.9328751,07,0781,,07_X0861,,,2477,0.000404,361,,,,2026-08-26
,"Vårdcentralen Läkarhuset, Centrum",Privat,False,,,57.6998607,11.9786135,14,1480,,14_X0862,,,19751,5.1e-05,246,,,,2026-08-26
,Vårdcentralen Sanden,Region,False,,,65.8210646,21.6932321,25,2582,,25_X0863,,,882,0.001133,930,,,,2026-08-26
SE162321000156-4B6K,Vårdcentralen Torsby,Region,True,"Familjecentralen, Lasarettsvägen 8, Torsby",010-834 73 14,60.1374293,13.0006223,17,1737,,17_SE162321000156-4B6K,,,785,0.001273,516,https://www.1177.sehttps://www.1177.se/hitta-vard/kontaktkort/Barnavardscentralen-vardcentralen-Torsby/,,identity_mismatch_2026-07-21,2026-08-26
SE2321000016-5K44,Vårdcentralen Visby Norr,Region,False,Brömsebroväg 8,0498-26 87 70,57.640053,18.308793,09,0980,,09_SE2321000016-5K44,,,791,0.001263,2082,https://www.1177.sehttps://www.1177.se/hitta-vard/kontaktkort/BVC-Visby-Gotland/,,identity_mismatch_2026-07-21,2026-08-26
SE165560772419-10DZ,Vårdcentralen Åttkanten,Privat,False,"Södra Kyrkogatan 11, 652 24 Karlstad",010-831 48 15,59.3802295,13.506063,17,1780,,17_SE165560772419-10DZ,,,5244,0.000191,347,https://www.1177.se/hitta-vard/kontaktkort/Barnavardscentralen-Attkanten/,1177_hsa_2026-07-21,live_2026-07-21,2026-08-26
,Wämö Health center,Region,False,,,56.1819867,15.6015941,10,1080,,10_X0867,,,3276,0.000305,252,,,,2026-08-26
,Ystad vårdcentral,Region,False,,,55.4352186,13.818464,12,1286,,12_X0868,,,2753,0.000363,799,,,,2026-08-26
SE2321000180-473Z,mödravård,Region,True,"Hantverkaregatan 14, Mora",0250-49 37 60,61.0055941,14.5342111,20,2062,,20_SE2321000180-473Z,,,429,0.002329,885,https://www.1177.se/hitta-vard/kontaktkort/Barnavardscentral-Mora/,,live_2026-07-21,2026-08-26
SE2321000230-E00371,Älvsbyns Hälsocentral,Region,False,"Fluxenvägen 16, 942 33, Älvsbyn",0929-165 44,65.669158,21.0137004,25,2560,,25_SE2321000230-E00371,,,444,0.002247,462,https://www.1177.se/hitta-vard/kontaktkort/Alvsbyns-halsocentral/,1177_hsa_2026-07-21,live_2026-07-21,2026-08-26
SE2321000016-14LD,Älvsjö Bvc,Region,True,"Solberga hagväg 5, Älvsjö",08-123 361 80,59.2796264,18.0088011,01,0180,,01_SE2321000016-14LD,,,16002,6.2e-05,1372,https://www.1177.se/hitta-vard/kontaktkort/Alvsjo-BVC-Alvsjo-vardcentral/,,live_2026-07-21,2026-08-26
SE2321000164-10GT,Ängens vårdcentral,Region,False,"Landbotorpsallén 19, Örebro",019-602 04 00,59.256963,15.2045572,18,1880,,18_SE2321000164-10GT,,,5917,0.000169,860,https://www.1177.se/hitta-vard/kontaktkort/Barnavardscentralen-BVC-Angens-vardcentral/,,live_2026-07-21,2026-08-26
,Ålidhem family center,Region,False,,,63.8113908,20.3141901,24,2480,,24_X0873,,,4075,0.000245,405,,,,2026-08-26
SE2321000214-E023619,Åre hälsocentral,Region,False,"Kurortsvägen 20, 837 51 Åre",0647-166 00,63.3952991,13.0961731,23,2321,,23_SE2321000214-E023619,,,783,0.001277,239,https://www.1177.se/hitta-vard/kontaktkort/Are-halsocentral/,1177_hsa_2026-07-21,live_2026-07-21,2026-08-26
,Åsele sjukstuga hälsocentral,Region,False,,,64.1608042,17.3600042,24,2463,,24_X0875,,,436,0.002289,136,,,,2026-08-26
,Öjebyn Roknäs vårdcentral,Region,False,,,65.3475874,21.4108308,25,2581,,25_X0876,,,1303,0.000767,771,,,,2026-08-26
SE162321000024-0027339,Öregrunds Vårdcentral,Region,False,"Rådhusgatan 6, Öregrund",0173-880 12,60.3400314,18.440177,03,0382,,03_SE162321000024-0027339,,,328,0.003046,103,https://www.1177.se/hitta-vard/kontaktkort/Barnavardscentral-Oregrunds-vardcentral/,,live_2026-07-21,2026-08-26
SE2321000230-E00398,Örnäsets vårdcentral,Region,False,"Storstigen 20, 974 32 Luleå",0920-718 75,65.582074,22.1984199,25,2580,,25_SE2321000230-E00398,,,3296,0.000303,472,https://www.1177.se/hitta-vard/kontaktkort/Ornasets-halsocentral/,,live_2026-07-21,2026-08-26
SE162321000024-0023226,Örsundsbro vårdcentral,Region,False,"Tulpanvägen 10, Örsundsbro",0171-41 73 80,59.7316559,17.3078507,03,0381,,03_SE162321000024-0023226,,,601,0.001662,419,https://www.1177.se/hitta-vard/kontaktkort/Barnavardscentral-Orsundsbro-vardcentral-Orsundsbro/,1177_hsa_2026-07-21,live_2026-07-21,2026-08-26
,Överkalix hälsocentral,Region,False,,,66.3383397,22.8470482,25,2513,,25_X0880,,,396,0.002524,129,,,,2026-08-26
,Övertorneå hälsocentral,Region,False,,,66.3890106,23.6531112,25,2518,,25_X0881,,,400,0.002496,175,,,,2026-08-26
SE162321000255-O17638,é,Region,False,"Mullbärsgatan 10, Påarp",042-406 08 88,56.0303115,12.8106254,12,1283,,12_SE162321000255-O17638,,,6533,0.000153,481,https://www.1177.se/hitta-vard/kontaktkort/Barnavardscentralen-Paarp/,,live_2026-07-21,2026-08-26
SE2321000016-GDVP,"Alla Barns BVC, Kungsholmen",Privat,False,"Arbetargatan 26, STOCKHOLM",08-502 379 10,59.3345923703115,18.0284127368065,01,0180,,01_SE2321000016-GDVP,2026,2026,,,1950,https://www.1177.se/hitta-vard/kontaktkort/Alla-Barns-BVC-Kungsholmen/,,live_2026-07-21,2026-08-26
SE2321000164-014QV,Barnavårdscentralen BVC Freya vårdcentral,Privat,False,"Järnvägsgatan 1, Frövi",0581-62 86 00,59.466908549551,15.3638797924688,18,1885,,18_SE2321000164-014QV,2026,2026,,,457,https://www.1177.se/hitta-vard/kontaktkort/Barnavardscentralen-BVC-Freya-vardcentral/,,live_2026-07-21,2026-08-26
SE2321000164-10FP,Barnavårdscentralen BVC Laxå vårdcentral,Region,False,"Gamla Tivägen, Laxå",0584-882 00,58.9805991758349,14.6399337294977,18,1860,,18_SE2321000164-10FP,2026,2026,582,0.001717,300,https://www.1177.se/hitta-vard/kontaktkort/Barnavardscentralen-BVC-Laxa-vardcentral/,,live_2026-07-21,2026-08-26
SE2321000164-10FW,Barnavårdscentralen BVC Lindesbergs vårdcentral,Region,False,"Banvägen24, 71131 Lindesberg",0581-851 00,59.5954280685212,15.2248675322289,18,1885,,18_SE2321000164-10FW,2026,2026,969,0.001032,546,https://www.1177.se/hitta-vard/kontaktkort/Barnavardscentralen-BVC-Lindesbergs-vardcentral/,,live_2026-07-21,2026-08-26
SE2321000131-E000000012582,Meliva VC Fredriksdal,Privat,False,"Mölndalsvägen 77, 412 85, Göteborg",031-380 30 00,57.6831266,12.0000349,14,1480,,14_SE2321000131-E000000012582,2026,2026,,,485,https://www.1177.se/hitta-vard/kontaktkort/Meliva-Vardcentral-Fredriksdal-Goteborg/,,live_2026-07-21,2026-08-26
SE162321000024-0083547,"Barnens Meliva BVC Lindbacken, Uppsala",Privat,False,"Hagtorpsvägen 1, Uppsala",010-640 50 00,59.9113786603668,17.7389549837824,03,0380,,03_SE162321000024-0083547,2026,2026,,,844,https://www.1177.se/hitta-vard/kontaktkort/Barnens-Meliva-BVC-Lindbacken-Uppsala/,,live_2026-07-21,2026-08-26
SE2321000016-DFZJ,"Barnens Meliva BVC Märsta, Sigtuna",Privat,False,"Södergatan 19C, MÄRSTA",08-588 842 17,59.6256233701175,17.8575642451383,01,0191,,01_SE2321000016-DFZJ,2026,2026,,,1178,https://www.1177.se/hitta-vard/kontaktkort/Barnens-Meliva-BVC-Marsta-Sigtuna/,,live_2026-07-21,2026-08-26
SE162321000255-O33602,Blomman BVC Malmö,Unknown,False,"Celsiusgatan 35, Malmö",040-49 09 55,55.5999814253816,13.0298563156997,12,1280,,12_SE162321000255-O33602,2026,2026,,,1453,https://www.1177.se/hitta-vard/kontaktkort/Blomman-BVC-Malmo/,,live_2026-07-21,2026-08-26
SE2321000131-F000000001304,"BVC HälsoBrunnen vårdcentral, Ulricehamn",Privat,False,"Vistvägen 2, 523 37, Ulricehamn",0321-68 54 12,57.8072315732377,13.4097548747767,14,1491,,14_SE2321000131-F000000001304,2026,2026,740,0.00135,536,https://www.1177.se/hitta-vard/kontaktkort/BVC-HalsoBrunnen-vardcentral-Ulricehamn/,,live_2026-07-21,2026-08-26
SE2321000131-E000000014786,BVC Nötkärnan Bergsjön Vårdcentral och BVC,Privat,False,"Rymdtorget 8, 41566, Göteborg",031-792 94 40,57.7563975758452,12.0700785622574,14,1480,,14_SE2321000131-E000000014786,2026,2026,,,0,https://www.1177.se/hitta-vard/kontaktkort/BVC-Notkarnan-Bergsjon-Vardcentral-och-BVC/,,live_2026-07-21,2026-08-26
SE2321000131-F000000001308,"BVC Omtanken Vårdcentral Pedagogen Park, Mölndal",Privat,False,"Kunskapsgatan 11, 431 44, Mölndal",031-352 06 67,57.6589324692548,12.0002026495554,14,1481,,14_SE2321000131-F000000001308,2026,2026,,,337,https://www.1177.se/hitta-vard/kontaktkort/BVC-Omtanken-Vardcentral-Pedagogen-Park-Molndal/,,live_2026-07-21,2026-08-26
SE2321000131-F000000000538,"BVC Primapraktiken, Trollhättan",Unknown,False,"Nohabgatan 18E, 461 53, Trollhättan",0520-49 48 80,58.2732056478944,12.2803959165856,14,1488,,14_SE2321000131-F000000000538,2026,2026,,,259,https://www.1177.se/hitta-vard/kontaktkort/BVC-Primapraktiken-Trollhattan/,,live_2026-07-21,2026-08-26
SE2321000131-E000000017953,BVC Sätila,Unknown,False,"Björlandavägen 3, 511 69, Sätila",0301-51 51 22,57.5430947687556,12.4331125449727,14,1463,,14_SE2321000131-E000000017953,2026,2026,,,366,https://www.1177.se/hitta-vard/kontaktkort/BVC-Satila/,,live_2026-07-21,2026-08-26
SE2321000131-E000000014534,Distriktsläkarna Kviberg Vårdcentral och BVC,Privat,False,"Rustmästaregatan 3, 415 28, Göteborg",031-363 62 80,57.7318957194216,12.0240021139936,14,1480,,14_SE2321000131-E000000014534,2026,2026,,,2135,https://www.1177.se/hitta-vard/kontaktkort/Distriktslakarna-Kviberg-Vardcentral-och-BVC/,,live_2026-07-21,2026-08-26
SE2321000131-E000000015397,Distriktsläkarna Mölndal Vårdcentral och BVC,Privat,False,"Jungfruplatsen 2, 431 48, Mölndal",031-363 61 30,57.6595729042746,12.0011751120617,14,1481,,14_SE2321000131-E000000015397,2026,2026,,,465,https://www.1177.se/hitta-vard/kontaktkort/Distriktslakarna-Molndal-Vardcentral-och-BVC/,,live_2026-07-21,2026-08-26
SE2321000016-GGB6,"Familjeläkarna i Arninge BVC, Täby",Privat,False,"Saluvägen 1, TÄBY",08-400 605 10,59.4623706905314,18.1342717476696,01,0160,,01_SE2321000016-GGB6,2026,2026,,,1238,https://www.1177.se/hitta-vard/kontaktkort/Familjelakarna-i-Arninge-BVC-Taby/,,live_2026-07-21,2026-08-26
SE2321000131-E000000010615,"Familjeläkarna i Mölnlycke Vårdcentral och BVC, Mölnlycke",Privat,False,"Hönekullavägen 13, 435 44, Mölnlycke",031-68 14 00,57.6561724164485,12.1171168443448,14,1401,,14_SE2321000131-E000000010615,2026,2026,,,900,https://www.1177.se/hitta-vard/kontaktkort/Familjelakarna-i-Molnlycke-Vardcentral-och-BVC-Molnlycke/,,live_2026-07-21,2026-08-26
SE2321000131-E000000016948,Forsåker Vårdcentral och BVC,Privat,False,"Kronogårdsgatan 3, 43133, Mölndal",031-775 59 00,57.6503148062027,12.025983472749,14,1481,,14_SE2321000131-E000000016948,2026,2026,,,460,https://www.1177.se/hitta-vard/kontaktkort/Forsaker-Vardcentral-och-BVC-Molndal/,,live_2026-07-21,2026-08-26
SE2321000016-14L0,"Hallunda BVC, Hallunda vårdcentral",Region,False,"Tomtbergavägen 1, Norsborg",08-123 423 00,59.2446330536651,17.8285623449898,01,0127,,01_SE2321000016-14L0,2026,2026,6229,0.000161,2346,https://www.1177.se/hitta-vard/kontaktkort/Hallunda-BVC-Hallunda-vardcentral/,,live_2026-07-21,2026-08-26
SE162321000255-O26105,BVC HMC Hjärup,Unknown,False,"Uppåkra handelsområde 18, Hjärup",040-41 80 00,55.6696491,13.1602461,12,1230,,12_SE162321000255-O26105,2026,2026,,,523,https://www.1177.sehttps://www.1177.se/hitta-vard/kontaktkort/HMC-BVC-i-Hjarup/,,no_live_card_2026-07-21,2026-08-26
SE162321000255-O33493,HMC BVC i Löddeköpinge,Privat,True,"Marknadsvägen 7, Löddeköpinge",040-41 80 00,55.7693128427936,12.9902810565264,12,1261,,12_SE162321000255-O33493,2026,2026,,,529,https://www.1177.sehttps://www.1177.se/hitta-vard/kontaktkort/HMC-BVC-i-Loddekopinge/,,identity_mismatch_2026-07-21,2026-08-26
SE2321000016-GWL3,"Hälsa Hemma BVC, Solna",Privat,False,"Visionsgatan 22, SOLNA",08-571 681 00,59.351752697069,18.0305191781332,01,0184,,01_SE2321000016-GWL3,2026,2026,,,1912,https://www.1177.sehttps://www.1177.se/hitta-vard/kontaktkort/Halsa-Hemma-BVC-Solna/,,no_live_card_2026-07-21,2026-08-26
SE2321000131-E000000020286,Kvarterskliniken Karlastaden BVC,Privat,False,"Liberagatan 40, 417 52, Göteborg",031-320 35 10,57.7094505396311,11.9359578796134,14,1480,,14_SE2321000131-E000000020286,2026,2026,,,253,https://www.1177.se/hitta-vard/kontaktkort/Kvarterskliniken-Karlastaden-BVC/,,live_2026-07-21,2026-08-26
SE162321000255-O27522,Mama Mia BVC Åstorp,Privat,False,"Storgatan 30A, Åstorp",042-301 75 24,56.1374838181933,12.9473802530116,12,1277,,12_SE162321000255-O27522,2026,2026,,,252,https://www.1177.se/hitta-vard/kontaktkort/Mama-Mia-BVC-Astorp/,,live_2026-07-21,2026-08-26
SE2321000016-9FCK,Mama Mia Söder BVC,Privat,False,"Magnus Ladulåsgatan 43, STOCKHOLM",08-506 490 78,59.3127937481957,18.0641916278285,01,0180,,01_SE2321000016-9FCK,2026,2026,,,1073,https://www.1177.se/hitta-vard/kontaktkort/Mama-Mia-Soder-BVC/,,live_2026-07-21,2026-08-26
SE2321000016-GJ03,Mama Mia Täby BVC,Privat,False,"Täby Torg 6, TÄBY",08-400 632 10,59.4438550163131,18.0708957760781,01,0160,,01_SE2321000016-GJ03,2026,2026,,,891,https://www.1177.se/hitta-vard/kontaktkort/Mama-Mia-Taby-BVC/,,live_2026-07-21,2026-08-26
SE2321000016-F31K,Martina BVC Djurgårdsstan,Privat,False,"Husarviksgatan 30, STOCKHOLM",08-120 194 77,59.3596680737065,18.0915431952499,01,0180,,01_SE2321000016-F31K,2026,2026,,,838,https://www.1177.se/hitta-vard/kontaktkort/Martina-BVC-Djurgardsstan/,,live_2026-07-21,2026-08-26
SE2321000016-GTC2,Martina BVC Lidingö,Privat,False,"Agavägen 54, LIDINGÖ",08-120 194 77,59.3456768914359,18.1557090822964,01,0186,,01_SE2321000016-GTC2,2026,2026,,,1610,https://www.1177.se/hitta-vard/kontaktkort/Martina-BVC-Lidingo/,,live_2026-07-21,2026-08-26
SE2321000131-E000000015549,Medipart Partille Vårdcentral och BVC,Privat,False,"Gamla Kronvägen 13A, 433 33, Partille",031-390 99 00,57.7395893611655,12.1073053750076,14,1402,,14_SE2321000131-E000000015549,2026,2026,,,389,https://www.1177.se/hitta-vard/kontaktkort/Medipart-Partille-Vardcentral-och-BVC/,,live_2026-07-21,2026-08-26
SE2321000131-E000000019228,"Nötkärnan Guldheden Familjeläkare och BVC, Göteborg",Privat,False,"Doktor Fries torg 6, 413 23, Göteborg",031-716 06 00,57.6835553871908,11.9715768723019,14,1480,,14_SE2321000131-E000000019228,2026,2026,,,225,https://www.1177.se/hitta-vard/kontaktkort/Notkarnan-Guldheden-Familjelakare-och-BVC-Goteborg/,,live_2026-07-21,2026-08-26
SE2321000131-E000000020287,Omtanken BVC Olskroken,Privat,False,"Hökegatan 34, 416 66, Göteborg",031-797 51 40,57.7153481436509,12.0014633113585,14,1480,,14_SE2321000131-E000000020287,2026,2026,,,835,https://www.1177.se/hitta-vard/kontaktkort/Omtanken-BVC-Olskroken/,,live_2026-07-21,2026-08-26
SE2321000016-108M,Praktikertjänst Familjeläkargruppen BVC,Privat,False,"Brahegatan 49, STOCKHOLM",08-587 676 21,59.342508894991,18.07964839026,01,0180,,01_SE2321000016-108M,2026,2026,,,0,https://www.1177.se/hitta-vard/kontaktkort/Praktikertjanst-Familjelakargruppen-BVC-Ostermalm/,,live_2026-07-21,2026-08-26
SE2321000016-DGQK,"Rosenlunds barnhälsovårdsteam, Beroendecentrum Stockholm",Region,False,"Tideliusgatan 26, Stockholm",08-123 458 10,59.3105674631855,18.0631131176849,01,0180,,01_SE2321000016-DGQK,2026,2026,,,2225,https://www.1177.se/hitta-vard/kontaktkort/Rosenlunds-barnhalsovardsteam-Beroendecentrum-Stockholm/,,live_2026-07-21,2026-08-26
SE2321000016-GP9D,"St Aframs BVC, Södertälje",Privat,False,"Klockarvägen 92B, SÖDERTÄLJE",08-550 106 10,59.1968229191156,17.5909290875305,01,0181,,01_SE2321000016-GP9D,2026,2026,,,345,https://www.1177.se/hitta-vard/kontaktkort/St-Aframs-BVC-Sodertalje/,,live_2026-07-21,2026-08-26
SE2321000016-CB7H,Systrarna Söder BVC Hammarby Sjöstad,Privat,False,"Hammarby Allé 91, STOCKHOLM",08-644 69 80,59.3040866594275,18.0928171264421,01,0180,,01_SE2321000016-CB7H,2026,2026,,,452,https://www.1177.se/hitta-vard/kontaktkort/Systrarna-Soder-BVC-Hammarby-Sjostad/,,live_2026-07-21,2026-08-26
SE2321000131-E000000014522,"Viskaforskliniken BVC, Viskafors",Privat,False,"Hagkällevägen 2, 515 34, Viskafors",033-724 55 55,57.6307247665104,12.8657575230045,14,1490,,14_SE2321000131-E000000014522,2026,2026,,,330,https://www.1177.se/hitta-vard/kontaktkort/Viskaforskliniken-BVC-Viskafors/,,live_2026-07-21,2026-08-26
SE162321000024-0016716,"Barnavdelning för neurologi ortopedi kirurgi och urologi 95 B, Uppsala",Unknown,False,"Akademiska sjukhuset, Ingång 95, 1 trappa",018-611 58 10,59.8488808684941,17.6378269469883,03,0380,,03_SE162321000024-0016716,2026,2026,,,82,https://www.1177.se/hitta-vard/kontaktkort/Barnavdelning-for-neurologi-ortopedi-kirurgi-och-urologi-95-B-Uppsala/,,live_2026-07-21,2026-08-26
SE162321000024-0027532,"Barnavdelningen för blod- och tumörsjukdomar 95 A, Uppsala",Unknown,False,"Akademiska sjukhuset, Ingång 95, 2 trappor",018-611 58 04,59.8488808684941,17.6378269469883,03,0380,,03_SE162321000024-0027532,2026,2026,,,0,https://www.1177.se/hitta-vard/kontaktkort/Barnavdelningen-for-blod-och-tumorsjukdomar-95-A-Uppsala/,,live_2026-07-21,2026-08-26
SE162321000024-0078611,"Barnavårdscentral Familjeläkarna Wallingatan, Uppsala",Privat,False,"Wallingatan 10, Uppsala",018-611 00 00,59.8635576542942,17.6198357122541,03,0380,,03_SE162321000024-0078611,2026,2026,,,424,https://www.1177.sehttps://www.1177.se/hitta-vard/kontaktkort/Barnavardscentral-Familjelakarna-Wallingatan-Uppsala/,,no_live_card_2026-07-21,2026-08-26
SE162321000024-0073728,"Barnavårdscentral Rosendals vårdcentral, Uppsala",Unknown,False,"Torgny Segerstedts allé 82B, Uppsala",018-470 08 01,59.844600143473,17.6575926296241,03,0380,,03_SE162321000024-0073728,2026,2026,,,296,https://www.1177.sehttps://www.1177.se/hitta-vard/kontaktkort/Barnavardscentral-Rosendals-vardcentral-Uppsala/,,no_live_card_2026-07-21,2026-08-26
SE162321000024-0027388,"Centrala barnhälsovården i Region Uppsala, Uppsala",Region,False,"Barns vård och hälsa, Islandsgatan 2, 753 08 Uppsala",018-611 00 00,59.8519109046245,17.6471662842109,03,0380,,03_SE162321000024-0027388,2026,2026,,,541,https://www.1177.se/hitta-vard/kontaktkort/Centrala-barnhalsovarden-i-Region-Uppsala-Uppsala/,,live_2026-07-21,2026-08-26
SE2321000032-5M3C,"Barnavårdscentralen Vårdcentralen Snabbdoktor Eskilstuna, Region Sörmland",Unknown,False,"Kungsgatan 43, Eskilstuna",016-585 88 90,59.3725549914213,16.5070889969699,04,0484,,04_SE2321000032-5M3C,2026,2026,,,733,https://www.1177.se/hitta-vard/kontaktkort/Barnavardscentralen-Vardcentralen-Snabbdoktor-Eskilstuna-Region-Sormland/,,live_2026-07-21,2026-08-26
SE2321000032-4D49,"Barnavårdscentralen Vårdcentralen Stadsfjärden Nyköping, Nyköping",Unknown,False,Gästabudsvägen 6,010-704 39 00,58.7450231859575,17.0127118825517,04,0480,,04_SE2321000032-4D49,2026,2026,,,437,https://www.1177.se/hitta-vard/kontaktkort/Barnavardscentralen-Vardcentralen-Stadsfjarden-Nykoping-Nykoping/,,live_2026-07-21,2026-08-26
SE2321000040-7PZN,"Barnhälsovårdsenheten Mjölby, Barnhälsovårdsenheten i Östergötland",Region,False,"Burensköldsvägen 24, Mjölby",010-103 50 27,58.324929747305,15.1217615658425,05,0586,,05_SE2321000040-7PZN,2026,2026,,,472,https://www.1177.se/hitta-vard/kontaktkort/Barnhalsovardsenheten-Mjolby-Barnhalsovardsenheten-i-Ostergotland/,,live_2026-07-21,2026-08-26
SE2321000040-7PZL,"Barnhälsovårdsenheten Norrköping, Barnhälsovårdsenheten i Östergötland",Region,False,"Repslagaregatan 19, Norrköping",010-103 50 27,58.5892572759835,16.1920192400606,05,0581,,05_SE2321000040-7PZL,2026,2026,,,664,https://www.1177.se/hitta-vard/kontaktkort/Barnhalsovardsenheten-Norrkoping-Barnhalsovardsenheten-i-Ostergotland/,,live_2026-07-21,2026-08-26
SE2321000065-7330028996096,Barnavårdscentralen Åseda,Region,True,"Torggatan 2, 36070 Åseda",0474-49 98 00,57.169900933326,15.3512344899225,07,0760,,07_SE2321000065-7330028996096,2026,2026,,,275,https://www.1177.se/hitta-vard/kontaktkort/Barnavardscentralen-Aseda/,,live_2026-07-21,2026-08-26
SE162321000255-O36962,"Barnavårdscentralen Praktikertjänst Stationstorget Burlöv, Arlöv",Privat,False,"Hantverkaregatan 24B, Arlöv",040-619 50 70,55.6404979573607,13.0803217144581,12,1231,,12_SE162321000255-O36962,2026,2026,,,222,https://www.1177.se/hitta-vard/kontaktkort/Barnavardscentralen-Praktikertjanst-Stationstorget-Burlov-Arlov/,,live_2026-07-21,2026-08-26
SE2321000131-F000000001119,"Närhälsan Älvängen barnavårdscentral, Älvängen",Region,False,"Garverivägen 4, 446 37, Älvängen",010-473 35 71,57.9613403156729,12.1278211466875,14,1440,,14_SE2321000131-F000000001119,2026,2026,3050,0.000328,667,https://www.1177.se/hitta-vard/kontaktkort/Narhalsan-Alvangen-barnavardscentral-Alvangen/,,live_2026-07-21,2026-08-26
SE2321000172-2CRP,"Byjorden City Barnavårdscentral, Köping",Privat,False,"Västra Långgatan 6, Köping",0221-37 60 78,59.5121719340179,15.993211055845,19,1983,,19_SE2321000172-2CRP,2026,2026,,,176,https://www.1177.se/hitta-vard/kontaktkort/Byjorden-City-Barnavardscentral-Koping/,,live_2026-07-21,2026-08-26
SE2321000172-2HK5,"Capio Mälarporten Barnavårdscentral, Västerås",Privat,False,"Våning B, Ingenjör Bååths gata 5, Västerås",021-360 77 00,59.6103378197062,16.5556808302748,19,1980,,19_SE2321000172-2HK5,2026,2026,,,187,https://www.1177.se/hitta-vard/kontaktkort/Capio-Malarporten-Barnavardscentral-Vasteras/,,live_2026-07-21,2026-08-26
SE2321000172-3V9X,Fagersta Vårdcentral Barnavårdscentral,Privat,False,"Centrumvägen 15, Fagersta",0223-473 00,60.0065559958827,15.7882116287326,19,1982,,19_SE2321000172-3V9X,2026,2026,,,309,https://www.1177.se/hitta-vard/kontaktkort/Fagersta-Vardcentral-Barnavardscentral/,,live_2026-07-21,2026-08-26
SE2321000131-F000000001329,"Närhälsan Dals-Ed barnavårdscentral, Ed",Region,False,"Storgatan 7, 668 30, Ed",010-441 63 60,58.9126482708552,11.9310086862017,14,1438,,14_SE2321000131-F000000001329,2026,2026,,,135,https://www.1177.se/hitta-vard/kontaktkort/Narhalsan-Dals-Ed-barnavardscentral-Ed/,,live_2026-07-21,2026-08-26
SE2321000016-13RN,Barnavårdscentral Edsbro,Unknown,False,"Almungevägen 10, EDSBRO",0175-741 16,59.8658187054475,18.499318879166,01,0188,,01_SE2321000016-13RN,2026,2026,,,61,https://www.1177.se/hitta-vard/kontaktkort/Barnavardscentral-Edsbro/,,live_2026-07-21,2026-08-26
SE2321000198-054448,Barnavårdscentral Edsbyn Din hälsocentral,Region,False,"Sporthallsvägen 2, 828 33 Edsbyn",0271-272 56,61.379907594679,15.8104133076414,21,2121,,21_SE2321000198-054448,2026,2026,,,374,https://www.1177.se/hitta-vard/kontaktkort/Barnavardscentral-Edsbyn-Din-halsocentral/,,live_2026-07-21,2026-08-26
SE162321000024-0023129,"Barnavårdscentral Fjärdhundra, Fjärdhundra",Region,False,"Kyrkmalmsvägen 50, Fjärdhundra",0171-41 73 00,59.7726230185937,16.9065612757325,03,0381,,03_SE162321000024-0023129,2026,2026,559,0.001788,231,https://www.1177.se/hitta-vard/kontaktkort/Barnavardscentral-Fjardhundra-Fjardhundra/,,live_2026-07-21,2026-08-26
SE2321000198-054439,Barnavårdscentral Ljusdal - Ramsjö Din hälsocentral,Region,False,"Lasarettsgatan 1 c, 827 35 Ljusdal",0651-171 23,61.8282530975651,16.1104746106188,21,2161,,21_SE2321000198-054439,2026,2026,,,513,https://www.1177.se/hitta-vard/kontaktkort/Barnavardscentral-Ljusdal-Ramsjo-Din-halsocentral/,,live_2026-07-21,2026-08-26
SE162321000024-0094434,Barnavårdscentral Margarethahemmets filial i Alsike,Privat,False,"Hyvelgatan 12, Knivsta",018-617 68 70,59.741380951803,17.8067906762068,03,0330,,03_SE162321000024-0094434,2026,2026,,,706,https://www.1177.se/hitta-vard/kontaktkort/Barnavardscentral-Margarethahemmets-filial-i-Alsike/,,live_2026-07-21,2026-08-26
SE2321000180-4H20,Barnavårdscentral Orsa,Privat,False,"Kaplansgatan 19, Orsa",0250-49 88 45,61.2314223450643,14.0410116768534,20,2039,,20_SE2321000180-4H20,2026,2026,,,0,https://www.1177.se/hitta-vard/kontaktkort/Barnavardscentral-Orsa/,,live_2026-07-21,2026-08-26
SE2321000198-054715,Barnavårdscentral Sjöstaden,Privat,False,"Alderholmsgatan 7, 803 02 Gävle",026-19 31 31,60.6787037736072,17.1628750413849,21,2180,,21_SE2321000198-054715,2026,2026,,,111,https://www.1177.se/hitta-vard/kontaktkort/Barnavardscentral-Sjostaden/,,live_2026-07-21,2026-08-26
SE2321000180-4H1G,Barnavårdscentral Sälen,Privat,False,"Centrumhuset Sälen By, Sälen",0280-49 84 00,61.1554885441391,13.2689279855401,20,2023,,20_SE2321000180-4H1G,2026,2026,,,144,https://www.1177.se/hitta-vard/kontaktkort/Barnavardscentral-Salen/,,live_2026-07-21,2026-08-26
SE162321000024-0024802,"Barnavårdscentral Tärnsjö, Tärnsjö",Unknown,False,"Kvarngatan 8, Tärnsjö, Ingång från Stationsgatan",018-611 08 50,60.1554805477304,16.9278485392953,03,0331,,03_SE162321000024-0024802,2026,2026,378,0.002644,89,https://www.1177.se/hitta-vard/kontaktkort/Barnavardscentral-Tarnsjo-Tarnsjo/,,live_2026-07-21,2026-08-26
SE2321000180-478H,Barnavårdscentral Älvdalen,Privat,False,"Furuvägen 12, Älvdalen",0251-49 86 29,61.229899,14.037395,20,2039,,20_SE2321000180-478H,2026,2026,,,203,https://www.1177.se/hitta-vard/kontaktkort/Barnavardscentral-Alvdalen/,osm_place:Älvdalen,live_2026-07-21,2026-08-26
SE2321000065-7330028055120,"Barnavårdscentralen Achima Care Älmhult, Älmhult",Privat,True,"Familjecentralen, Storgatan 16, 34332 Älmhult",0476-65 08 00,56.5475303088575,14.1411567880346,07,0765,,07_SE2321000065-7330028055120,2026,2026,,,533,https://www.1177.se/hitta-vard/kontaktkort/Barnavardscentralen-Achima-Care-Almhult-Almhult/,,live_2026-07-21,2026-08-26
SE2321000115-F41843,"Barnavårdscentralen Björkris, Kungsbacka",Unknown,False,"Vårdcentralen Björkris, Vargagårdsvägen 1, Kungsbacka",0300-56 29 00,57.5207515507294,12.0848163645261,13,1384,,13_SE2321000115-F41843,2026,2026,,,482,https://www.1177.se/hitta-vard/kontaktkort/Barnavardscentralen-Bjorkris-Kungsbacka/,,live_2026-07-21,2026-08-26
SE2321000032-4D35,"Barnavårdscentralen Familjecentralen Centrum Flen, Flen",Unknown,False,Familjecentralen Storgatan 21,0157-246 08,59.0593085424522,16.5905810677789,04,0482,,04_SE2321000032-4D35,2026,2026,,,518,https://www.1177.se/hitta-vard/kontaktkort/Barnavardscentralen-Familjecentralen-Centrum-Flen-Flen/,,live_2026-07-21,2026-08-26
SE2321000032-4PTC,"Barnavårdscentralen Familjecentralen Vårdcentralen City, Vårdcentralen City Eskilstuna",Unknown,False,Kungsgatan 39,016-10 40 47,59.3717104145945,16.5072298818467,04,0484,,04_SE2321000032-4PTC,2026,2026,,,0,https://www.1177.se/hitta-vard/kontaktkort/Barnavardscentralen-Familjecentralen-Vardcentralen-City-Vardcentralen-City-Eskilstuna/,,live_2026-07-21,2026-08-26
SE162321000255-O37674,Barnavårdscentralen Fölet Malmö,Unknown,False,"Derbyvägen 6E, Malmö",040-40 08 00,55.5784745846457,13.065192840175,12,1280,,12_SE162321000255-O37674,2026,2026,,,234,https://www.1177.se/hitta-vard/kontaktkort/Barnavardscentralen-Folet-Malmo/,,live_2026-07-21,2026-08-26
SE2321000065-7330028996171,"Barnavårdscentralen Kungshögen Ljungby familjecentral, Ljungby",Region,True,"Eskilsgatan 11, våning 3341 30  Ljungby",0372-58 55 83,56.8350586720371,13.9412907115998,07,0781,,07_SE2321000065-7330028996171,2026,2026,2448,0.000408,380,https://www.1177.se/hitta-vard/kontaktkort/Barnavardscentralen-Kungshogen-Ljungby-familjecentral-Ljungby/,,live_2026-07-21,2026-08-26
SE2321000065-7330028996188,"Barnavårdscentralen Lessebo, Familjecentralen Lessebo",Region,True,"Bruksgatan 4, LESSEBO samt Storgatan 48, HOVMANTORP",0478-79 49 49,56.7503028338489,15.2683305137825,07,0761,,07_SE2321000065-7330028996188,2026,2026,,,546,https://www.1177.se/hitta-vard/kontaktkort/Barnavardscentralen-Lessebo-Familjecentralen-Lessebo/,,live_2026-07-21,2026-08-26
SE2321000065-7330028059562,Barnavårdscentralen Läkarhuset Ljungby,Privat,True,"Ljungby FamiljecentralEskilsgatan 11 A, vån 3",0372-155 92,56.832589,13.935992,07,0781,,07_SE2321000065-7330028059562,2026,2026,,,6,https://www.1177.se/hitta-vard/kontaktkort/Barnavardscentralen-Lakarhuset-Ljungby/,osm_place:Ljungby,live_2026-07-21,2026-08-26
SE162321000255-O23280,"Barnavårdscentralen Mama Mia Klara Lund, Lund",Privat,False,"Brunnshögsgatan 30, Lund",046-460 12 60,55.7192934306112,13.2344789059849,12,1281,,12_SE162321000255-O23280,2026,2026,,,658,https://www.1177.se/hitta-vard/kontaktkort/Barnavardscentralen-Mama-Mia-Klara-Lund-Lund/,,live_2026-07-21,2026-08-26
SE2321000065-7330028574171,"Barnavårdscentralen Praktikertjänst Ljungby, Ljungby",Privat,False,Kungsgatan 14 B 34144 Ljungby,0372-819 00,56.8325672904942,13.9404642698721,07,0781,,07_SE2321000065-7330028574171,2026,2026,,,463,https://www.1177.se/hitta-vard/kontaktkort/Barnavardscentralen-Praktikertjanst-Ljungby-Ljungby/,,live_2026-07-21,2026-08-26
SE2321000115-F91877,"Barnavårdscentralen Skogstorp, Falkenberg",Region,False,"Violvägen 9B, Falkenberg",0346-562 10,56.9139202137964,12.4396188387182,13,1382,,13_SE2321000115-F91877,2026,2026,2931,0.000341,351,https://www.1177.se/hitta-vard/kontaktkort/Barnavardscentralen-Skogstorp-Falkenberg/,,live_2026-07-21,2026-08-26
SE2321000065-7330028995983,"Barnavårdscentralen Skärvet, Stadsdelen Söder",Region,False,"Södra Järnvägsgatan 22, 352 34 Växjö",0470-78 36 37,56.8755325797127,14.7903221378255,07,0780,,07_SE2321000065-7330028995983,2026,2026,,,828,https://www.1177.se/hitta-vard/kontaktkort/Barnavardscentralen-Skarvet-Stadsdelen-Soder/,,live_2026-07-21,2026-08-26
SE162321000255-O17590,Barnavårdscentralen Solbrinken,Region,False,"Esplanadgatan 13A, Hässleholm",072-391 80 49,56.1603022,13.7762361,12,1293,,12_SE162321000255-O17590_2,2026,2026,2713,0.000369,1561,https://www.1177.se/hitta-vard/kontaktkort/Barnavardscentralen-Solbrinken/,1177_hsa_2026-07-21,live_2026-07-21,2026-08-26
SE162321000255-O38185,"Barnavårdscentralen Svedala, Svedala",Unknown,True,"Långgatan 46, Svedala",040-14 23 22,55.5114056833166,13.2375450026843,12,1263,,12_SE162321000255-O38185,2026,2026,,,826,https://www.1177.se/hitta-vard/kontaktkort/Barnavardscentralen-Svedala-Svedala/,,live_2026-07-21,2026-08-26
SE162321000255-O17616,Barnavårdscentralen T4 Hässleholm,Region,True,"Malmövägen 15, Tyringe",0451-29 80 74,56.1581707,13.6025453,12,1293,,12_SE162321000255-O17616,2026,2026,,,0,https://www.1177.se/hitta-vard/kontaktkort/Barnavardscentralen-T4-Hassleholm-filial-Aparken-Tyringe/,1177_hsa_2026-07-21,live_2026-07-21,2026-08-26
SE162321000255-O37678,"Barnavårdscentralen Viklinik Lund, Lund",Unknown,False,"Dalbyvägen 24C, Lund",046-600 90,55.6988254456808,13.2135500810375,12,1281,,12_SE162321000255-O37678,2026,2026,,,279,https://www.1177.se/hitta-vard/kontaktkort/Barnavardscentralen-Viklinik-Lund-Lund/,,live_2026-07-21,2026-08-26
SE162321000156-3SCQ,Barnavårdscentralen vårdcentralen Rud Karlstad,Unknown,False,"Rudstorget 5, 654 66 Karlstad",010-831 72 39,59.4067491561165,13.5220191366294,17,1780,,17_SE162321000156-3SCQ,2026,2026,,,698,https://www.1177.se/hitta-vard/kontaktkort/Barnavardscentralen-vardcentralen-Rud-Karlstad/,,live_2026-07-21,2026-08-26
SE2321000032-4CZG,"Barnavårdscentralen Vårdcentralen Skiftinge Eskilstuna, Eskilstuna",Unknown,True,Skiftinge centrum,016-10 47 38,59.3926072667389,16.5432838812719,04,0484,,04_SE2321000032-4CZG,2026,2026,,,656,https://www.1177.se/hitta-vard/kontaktkort/Barnavardscentralen-Vardcentralen-Skiftinge-Eskilstuna-Eskilstuna/,,live_2026-07-21,2026-08-26
SE2321000040-64Z4,"Barnavårdscentralen, Doktor.se Geria Vårdcentral",Privat,False,"Doktor.se BVC Geria, Östra Rydsvägen 16 A, Söderköping",010-104 48 66,58.4727057808661,16.3161549467244,05,0582,,05_SE2321000040-64Z4,2026,2026,,,824,https://www.1177.se/hitta-vard/kontaktkort/Barnavardscentralen-Doktorse-Geria-Vardcentral/,,live_2026-07-21,2026-08-26
SE2321000040-58MV,"Barnavårdscentralen, Vårdcentralen Kisa",Unknown,False,"Danboms väg 2, Kisa",010-103 59 62,57.9844367347194,15.6315468303766,05,0513,,05_SE2321000040-58MV,2026,2026,,,292,https://www.1177.se/hitta-vard/kontaktkort/Barnavardscentralen-Vardcentralen-Kisa/,,live_2026-07-21,2026-08-26
SE2321000040-58NG,"Barnavårdscentralen, Vårdcentralen Österbymo",Unknown,False,"Torggatan 2, Österbymo",010-103 97 08,57.8252311894312,15.2766156697118,05,0512,,05_SE2321000040-58NG,2026,2026,,,110,https://www.1177.se/hitta-vard/kontaktkort/Barnavardscentralen-Vardcentralen-Osterbymo/,,live_2026-07-21,2026-08-26
SE2321000057-9TZQ,Barnhälsovården Norrahammar,Region,True,"Barnhälsovården Norrahammar, Kyrktorget 1, Norrahammar",010-243 49 80,57.7051007821382,14.1173550902584,06,0680,,06_SE2321000057-9TZQ,2026,2026,,,1071,https://www.1177.se/hitta-vard/kontaktkort/Barnhalsovarden-Norrahammar/,,live_2026-07-21,2026-08-26
SE2321000057-9TZX,Barnhälsovården Tenhult,Region,True,"Familjecentralen, Jönköpingsvägen 7, Tenhult",010-243 49 80,57.7119389477826,14.3180686397166,06,0680,,06_SE2321000057-9TZX,2026,2026,,,601,https://www.1177.se/hitta-vard/kontaktkort/Barnhalsovarden-Tenhult/,,live_2026-07-21,2026-08-26
SE2321000057-9V09,Barnhälsovården Värnamo,Unknown,True,"Familjecentralen, Doktorsgatan, Värnamo.",010-243 49 80,57.1749934858409,14.0280280461562,06,0683,,06_SE2321000057-9V09,2026,2026,,,1814,https://www.1177.sehttps://www.1177.se/hitta-vard/kontaktkort/Barnhalsovarden-Varnamo/,,identity_mismatch_2026-07-21,2026-08-26
SE2321000057-9TZT,"Barnhälsovården Öxnehaga, Huskvarna",Region,True,"Familjecentralen, Oxhagsgatan 59, Huskvarna",010-243 49 80,57.7748535326426,14.2654771741546,06,0680,,06_SE2321000057-9TZT,2026,2026,,,486,https://www.1177.se/hitta-vard/kontaktkort/Barnhalsovarden-Oxnehaga-Huskvarna/,,live_2026-07-21,2026-08-26
SE2321000073-XZKD,Barnhälsovårdsmottagningen familjecentralen Torsås,Unknown,True,"Allfargatan 38, Torsås",010-358 90 48,56.4137778210801,15.9967383356034,08,0834,,08_SE2321000073-XZKD,2026,2026,,,111,https://www.1177.se/hitta-vard/kontaktkort/Barnhalsovardsmottagningen-familjecentralen-Torsas/,,live_2026-07-21,2026-08-26
SE2321000016-HD8J,"Ersta Barnavårdscentral, Ersta sjukhus",Privat,False,"Lilla Erstagatan 1, STOCKHOLM",08-714 95 80,59.3168605144342,18.0884753258429,01,0180,,01_SE2321000016-HD8J,2026,2026,,,0,https://www.1177.se/hitta-vard/kontaktkort/Ersta-Barnavardscentral-Ersta-sjukhus/,,live_2026-07-21,2026-08-26
SE2321000016-D0F7,"Mama Mia Nykvarns Barnavårdscentral, Nykvarn",Privat,False,"Centrumvägen 2A, NYKVARN",08-409 157 11,59.1775955567366,17.4332113362194,01,0140,,01_SE2321000016-D0F7,2026,2026,1996,0.000501,918,https://www.1177.se/hitta-vard/kontaktkort/Mama-Mia-Nykvarns-Barnavardscentral-Nykvarn/,,live_2026-07-21,2026-08-26
SE2321000016-1086,Mälaröarnas Barnhälsovård,Privat,True,"Bryggavägen 8, EKERÖ",08-560 375 60,59.2893032693837,17.8106774299835,01,0125,,01_SE2321000016-1086,2026,2026,,,1774,https://www.1177.se/hitta-vard/kontaktkort/Malaroarnas-Barnhalsovard/,,live_2026-07-21,2026-08-26
SE2321000164-7381037594902,BVC Vivalla/Lundby VC,Privat,True,"Poesigatan 20 D, Örebro",,59.2993796,15.1878196,18,1880,,18_SE2321000164-7381037594902,2026,2026,,,240,https://www.1177.se/hitta-vard/kontaktkort/Vivalla-Lundby-vardcentral-Orebro/,1177_hsa_2026-07-21,live_2026-07-21,2026-08-26
SE2321000172-2CPL,Önsta-Gryta BVC,Privat,False,"Vildrosgatan 2, Västerås",,59.6484996,16.5393297,19,1980,,19_SE2321000172-2CPL,2026,2026,,,964,https://www.1177.se/hitta-vard/kontaktkort/Onsta-Gryta-Barnavardscentral-Vasteras/,1177_hsa_2026-07-21,live_2026-07-21,2026-08-26
SE2321000032-42R6,VC Åsidan Nyköping,Region,True,"Nyköpings lasarett, Visornas väg 6",,58.7601873,16.9996023,04,0480,,04_SE2321000032-42R6,2026,2026,,,131,https://www.1177.se/hitta-vard/kontaktkort/Vardcentralen-Asidan-Nykoping-Nykoping/,,live_2026-07-21,2026-08-26
SE2321000032-3X8A,VC Vingåker,Region,True,Östra Torggatan 3,,59.0441324,15.8699186,04,0428,,04_SE2321000032-3X8A,2026,2026,,,219,https://www.1177.se/hitta-vard/kontaktkort/Vardcentralen-Doktorse-Vingaker-Vingaker/,1177_hsa_2026-07-21,live_2026-07-21,2026-08-26
SE2321000032-43SS,VC Tunafors Eskilstuna,Region,False,Lundbladsvägen 6,016-10 38 20,59.3658925,16.5239048,04,0484,,04_SE2321000032-43SS,2026,2026,3355,0.000298,1255,https://www.1177.se/hitta-vard/kontaktkort/Vardcentralen-Tunafors-Eskilstuna-Eskilstuna/,1177_hsa_2026-07-21,live_2026-07-21,2026-08-26
SE2321000032-42FC,VC Trosa,Region,False,Tomtaklintgatan 2,0156-535 29,58.902037,17.5592024,04,0488,,04_SE2321000032-42FC,2026,2026,458,0.002183,943,https://www.1177.se/hitta-vard/kontaktkort/Vardcentralen-Trosa-Trosa/,1177_hsa_2026-07-21,live_2026-07-21,2026-08-26
SE2321000032-43ST,VC Torshälla,Region,True,"Germundsgatan 39, Torshälla",,59.4196084,16.4855502,04,0484,,04_SE2321000032-43ST,2026,2026,,,180,https://www.1177.se/hitta-vard/kontaktkort/Vardcentralen-Torshalla-Eskilstuna/,1177_hsa_2026-07-21,live_2026-07-21,2026-08-26
SE2321000032-42FS,VC Strängnäs,Region,True,Finningevägen 40,,59.3671323,17.0265286,04,0486,,04_SE2321000032-42FS,2026,2026,,,647,https://www.1177.se/hitta-vard/kontaktkort/Vardcentralen-Strangnas-Strangnas/,1177_hsa_2026-07-21,live_2026-07-21,2026-08-26
SE2321000032-5LTC,VC Snabbdoktor Eskilstuna,Region,True,"Kungsgatan 43, Eskilstuna",,59.372555,16.507089,04,0484,,04_SE2321000032-5LTC,2026,2026,,,0,https://www.1177.se/hitta-vard/kontaktkort/Vardcentralen-Snabbdoktor-Eskilstuna-Region-Sormland/,1177_hsa_2026-07-21,live_2026-07-21,2026-08-26
SE2321000032-43VT,VC Oxelösund,Region,True,Biblioteksgatan 2,0155-24 70 01,58.6709853,17.1016968,04,0481,,04_SE2321000032-43VT,2026,2026,1011,0.000989,718,https://www.1177.se/hitta-vard/kontaktkort/Vardcentralen-Oxelosund-Oxelosund/,1177_hsa_2026-07-21,live_2026-07-21,2026-08-26
SE2321000032-43WD,VC Nävertorp Katrineholm,Region,True,"Västgötagatan 16, plan 2",,58.9874498,16.1919218,04,0483,,04_SE2321000032-43WD,2026,2026,,,420,https://www.1177.se/hitta-vard/kontaktkort/Vardcentralen-Navertorp-Katrineholm-Katrineholm/,1177_hsa_2026-07-21,live_2026-07-21,2026-08-26
SE2321000032-43V9,VC Mariefred,Region,False,"Solvändan 3, Mariefred",0159-290 13,59.2648012,17.2163209,04,0486,,04_SE2321000032-43V9,2026,2026,411,0.002431,947,https://www.1177.se/hitta-vard/kontaktkort/Vardcentralen-Mariefred-Strangnas/,1177_hsa_2026-07-21,live_2026-07-21,2026-08-26
SE2321000032-42R3,VC Bagaregatan Nyköping,Region,False,Bagaregatan 3 D,,58.7486505,17.0059622,04,0480,,04_SE2321000032-42R3,2026,2026,,,361,https://www.1177.se/hitta-vard/kontaktkort/Vardcentralen-Bagaregatan-Nykoping-Nykoping/,1177_hsa_2026-07-21,live_2026-07-21,2026-08-26
SE2321000131-E000000012552,Tranehälsan,Privat,True,"Storgatan 4, 514 33, Tranemo",,57.4867344,13.3555053,14,1452,,14_SE2321000131-E000000012552,2026,2026,,,258,https://www.1177.se/hitta-vard/kontaktkort/Tranehalsan-Tranemo/,1177_hsa_2026-07-21,live_2026-07-21,2026-08-26
SE2321000016-1508,TH - BVC Norrtälje,Privat,False,"Drottning Kristinas väg 70A, Norrtälje",,59.7473418,18.6914206,01,0188,,01_SE2321000016-1508,2026,2026,,,925,https://www.1177.se/hitta-vard/kontaktkort/Norrtalje-barnavardscentral-Familjens-hus-Tiohundra/,1177_hsa_2026-07-21,live_2026-07-21,2026-08-26
SE2321000206-E00928,Sundsvall vårdteam AB,Privat,False,Axvägen 6,,62.3925601,17.2628745,22,2281,,22_SE2321000206-E00928,2026,2026,,,686,https://www.1177.se/hitta-vard/kontaktkort/St-Olof-Vardcentral-Sundsvall/,1177_hsa_2026-07-21,live_2026-07-21,2026-08-26
SE2321000115-O53603,Strandängshälsan Skummeslöv - Mellbystrand,Privat,False,"Valhallavägen 1, Skummeslövsstrand och Kustvägen 120, Mellbystrand",,56.4469664,12.9301694,13,1381,,13_SE2321000115-O53603,2026,2026,,,559,https://www.1177.se/hitta-vard/kontaktkort/Strandangshalsan-Skummeslov-Mellbystrand/,1177_hsa_2026-07-21,live_2026-07-21,2026-08-26
SE2321000131-E000000016974,Stora Höga Läkarhus,Privat,False,"Selins väg 7, 444 60, Stora Höga",,58.0162599,11.8332942,14,1415,,14_SE2321000131-E000000016974,2026,2026,,,0,https://www.1177.se/hitta-vard/kontaktkort/Stora-Hoga-Lakarhus-Stora-Hoga/,,live_2026-07-21,2026-08-26
SE2321000131-E000000015885,Skepplanda Läkarhus,Privat,False,"Albotorget 5, 446 40, Skepplanda",,57.9823977,12.2119163,14,1440,,14_SE2321000131-E000000015885,2026,2026,,,275,https://www.1177.se/hitta-vard/kontaktkort/Skepplanda-Lakarhus-Skepplanda/,,live_2026-07-21,2026-08-26
SE2321000131-E000000014971,Rävlanda VC,Privat,False,"Rävlanda Stationsväg 3, 438 51, Rävlanda",0301-452 55,57.6535172,12.4969319,14,1401,,14_SE2321000131-E000000014971,2026,2026,1404,0.000712,316,https://www.1177.se/hitta-vard/kontaktkort/Ravlanda-Vardcentral/,1177_hsa_2026-07-21,live_2026-07-21,2026-08-26
SE2321000198-022599,Premicare Varvet HC,Privat,False,"Varvsgatan 13, 824 50 Hudiksvall",,61.7262796,17.1215211,21,2184,,21_SE2321000198-022599,2026,2026,,,286,https://www.1177.se/hitta-vard/kontaktkort/Premicare-Varvet-Halsocentral/,,live_2026-07-21,2026-08-26
SE2321000131-E000000017271,Praktikertjänst Lerums VC,Privat,False,"Åsenvägen 2, 443 39, Lerum",,57.7647777,12.2638447,14,1441,,14_SE2321000131-E000000017271,2026,2026,,,909,https://www.1177.se/hitta-vard/kontaktkort/Praktikertjanst-Lerums-Vardcentral-Lerum/,,live_2026-07-21,2026-08-26
SE2321000198-019915,Oxtorgets HC,Privat,False,"Rustkammaregatan 1, 826 32 Söderhamn",,61.302039,17.0468047,21,2182,,21_SE2321000198-019915,2026,2026,,,502,https://www.1177.se/hitta-vard/kontaktkort/Oxtorgets-halsocentral/,1177_hsa_2026-07-21,live_2026-07-21,2026-08-26
SE2321000131-E000000017874,Närhälsan Öjersjö VC,Privat,False,"Helgas väg 9 A, 43351, Öjersjö",,57.7001358,12.1310199,14,1402,,14_SE2321000131-E000000017874,2026,2026,,,558,https://www.1177.se/hitta-vard/kontaktkort/Narhalsan-Ojersjo-vardcentral/,,live_2026-07-21,2026-08-26
SE2321000131-E000000005543,Närhälsan Öckerö VC,Privat,True,"Sockenvägen 2, 47531, Öckerö",,57.708587,11.6549271,14,1407,,14_SE2321000131-E000000005543,2026,2026,,,222,https://www.1177.se/hitta-vard/kontaktkort/Narhalsan-Ockero-vardcentral-Ockero/,,live_2026-07-21,2026-08-26
SE2321000131-E000000000489,Närhälsan Vara VC,Privat,True,"Allégatan 46, 53433, Vara",,58.2644219,12.9673709,14,1470,,14_SE2321000131-E000000000489,2026,2026,377,0.002646,804,https://www.1177.se/hitta-vard/kontaktkort/Narhalsan-Vara-vardcentral-Vara/,1177_hsa_2026-07-21,live_2026-07-21,2026-08-26
SE2321000131-E000000000444,Närhälsan Ulricehamn VC,Privat,True,"Nygatan 7, 52334, Ulricehamn",,57.793856,13.4157497,14,1491,,14_SE2321000131-E000000000444,2026,2026,,,208,https://www.1177.se/hitta-vard/kontaktkort/Narhalsan-Ulricehamn-vardcentral-Ulricehamn/,,live_2026-07-21,2026-08-26
SE2321000131-E000000000443,Närhälsan Tranemo VC,Privat,True,"Storgatan 42, 51434, Tranemo",,57.4806323,13.3465918,14,1452,,14_SE2321000131-E000000000443,2026,2026,1521,0.000657,71,https://www.1177.se/hitta-vard/kontaktkort/Narhalsan-Tranemo-vardcentral-Tranemo/,1177_hsa_2026-07-21,live_2026-07-21,2026-08-26
SE2321000131-E000000002624,Närhälsan Södra Ryd VC,Privat,True,"Västra Skogsrovägen 10 A, 54963, Skövde",,58.4234969,13.8687114,14,1496,,14_SE2321000131-E000000002624,2026,2026,,,805,https://www.1177.se/hitta-vard/kontaktkort/Narhalsan-Sodra-Ryd-vardcentral-Skovde/,1177_hsa_2026-07-21,live_2026-07-21,2026-08-26
SE2321000131-E000000006738,Närhälsan Sisjön VC,Privat,False,"Datavägen 1, 43632, Askim",,57.639164,11.9525443,14,1480,,14_SE2321000131-E000000006738,2026,2026,,,775,https://www.1177.se/hitta-vard/kontaktkort/Narhalsan-Sisjon-vardcentral-Askim/,,live_2026-07-21,2026-08-26
SE2321000131-E000000000456,Närhälsan Mösseberg VC,Privat,False,"Sjukhusgatan 4, 52137, Falköping",,58.1877447,13.5518664,14,1499,,14_SE2321000131-E000000000456,2026,2026,,,452,https://www.1177.se/hitta-vard/kontaktkort/Narhalsan-Mosseberg-vardcentral-Falkoping/,,live_2026-07-21,2026-08-26
SE2321000131-E000000004951,Närhälsan Munkedal VC,Privat,True,"Centrumvägen 34, 45530, Munkedal",,58.4679216,11.6686366,14,1430,,14_SE2321000131-E000000004951,2026,2026,607,0.001646,525,https://www.1177.se/hitta-vard/kontaktkort/Narhalsan-Munkedal-vardcentral-Munkedal/,1177_hsa_2026-07-21,live_2026-07-21,2026-08-26
SE2321000131-E000000000324,Närhälsan Masthugget VC,Privat,False,"Fjärde Långgatan 48, 41327, Göteborg",,57.698112,11.9439974,14,1480,,14_SE2321000131-E000000000324,2026,2026,,,0,https://www.1177.se/hitta-vard/kontaktkort/Narhalsan-Masthugget-vardcentral-Goteborg/,,live_2026-07-21,2026-08-26
SE2321000131-E000000004944,Närhälsan Lysekil VC,Privat,False,"Lasarettsgatan 1, 45334, Lysekil",,58.2808705,11.4410804,14,1484,,14_SE2321000131-E000000004944,2026,2026,703,0.001421,140,https://www.1177.se/hitta-vard/kontaktkort/Narhalsan-Lysekil-vardcentral-Lysekil/,1177_hsa_2026-07-21,live_2026-07-21,2026-08-26
SE2321000131-E000000005019,Närhälsan Kungshamn VC,Privat,True,"Hvitfeldtsgatan 25 B, 45631, Kungshamn",,58.3603466,11.2568265,14,1427,,14_SE2321000131-E000000005019,2026,2026,,,211,https://www.1177.se/hitta-vard/kontaktkort/Narhalsan-Kungshamn-vardcentral-Kungshamn/,,live_2026-07-21,2026-08-26
SE2321000131-E000000005568,Närhälsan Kongahälla VC,Privat,False,"Älvebacken 1, 44248, Kungälv",,57.8736113,11.9685718,14,1482,,14_SE2321000131-E000000005568,2026,2026,4719,0.000212,2022,https://www.1177.se/hitta-vard/kontaktkort/Narhalsan-Kongahalla-vardcentral-Kungalv/,1177_hsa_2026-07-21,live_2026-07-21,2026-08-26
SE2321000131-E000000017707,Närhälsan Kallebäck VC,Privat,False,"Långfilsgatan 11, 41277, Göteborg",,57.6789094,12.0097621,14,1480,,14_SE2321000131-E000000017707,2026,2026,,,28,https://www.1177.se/hitta-vard/kontaktkort/Narhalsan-Kalleback-vardcentral-Goteborg/,,live_2026-07-21,2026-08-26
SE2321000131-E000000000539,Närhälsan Herrestad VC,Privat,False,"Lingatan 12, 45175, Uddevalla",,58.3503309,11.8449638,14,1485,,14_SE2321000131-E000000000539,2026,2026,,,552,https://www.1177.se/hitta-vard/kontaktkort/Narhalsan-Herrestad-vardcentral-Uddevalla/,1177_hsa_2026-07-21,live_2026-07-21,2026-08-26
SE2321000131-E000000002609,Närhälsan Gullspång VC,Privat,True,"Hemgatan 12, 54731, Gullspång",,58.9800581,14.0873976,14,1447,,14_SE2321000131-E000000002609,2026,2026,,,0,https://www.1177.se/hitta-vard/kontaktkort/Narhalsan-Gullspang-vardcentral-Gullspang/,,live_2026-07-21,2026-08-26
SE2321000131-E000000000430,Närhälsan Gråbo VC,Privat,True,"Lundbyvägen 35, 44342, Gråbo",,57.8350573,12.2969296,14,1441,,14_SE2321000131-E000000000430,2026,2026,1295,0.000772,826,https://www.1177.se/hitta-vard/kontaktkort/Narhalsan-Grabo-vardcentral-Grabo/,1177_hsa_2026-07-21,live_2026-07-21,2026-08-26
SE2321000131-E000000004567,Närhälsan Furulund VC,Privat,False,"Tingsvägen 2, 43347, Partille",,57.7253449,12.1296385,14,1402,,14_SE2321000131-E000000004567,2026,2026,,,435,https://www.1177.se/hitta-vard/kontaktkort/Narhalsan-Furulund-vardcentral-Partille/,,live_2026-07-21,2026-08-26
SE2321000131-E000000006736,Närhälsan Frölunda VC,Privat,True,"Frölunda Torg 11, 42142, Västra Frölunda",,57.6507264,11.9108537,14,1480,,14_SE2321000131-E000000006736,2026,2026,,,440,https://www.1177.se/hitta-vard/kontaktkort/Narhalsan-Frolunda-vardcentral-Vastra-Frolunda/,1177_hsa_2026-07-21,live_2026-07-21,2026-08-26
SE2321000131-E000000005926,Närhälsan Fjällbacka VC,Privat,False,"Nestorsvägen 2, 45740, Fjällbacka",,58.5971464,11.292018,14,1435,,14_SE2321000131-E000000005926,2026,2026,,,152,https://www.1177.se/hitta-vard/kontaktkort/Narhalsan-Fjallbacka-vardcentral-Fjallbacka/,1177_hsa_2026-07-21,live_2026-07-21,2026-08-26
SE2321000131-E000000004905,Närhälsan Bäckefors VC,Privat,False,"Dalslands Sjukhus, 66840, Bäckefors",,58.7984172,12.1614007,14,1460,,14_SE2321000131-E000000004905,2026,2026,502,0.001992,83,https://www.1177.se/hitta-vard/kontaktkort/Narhalsan-Backefors-vardcentral-Backefors/,1177_hsa_2026-07-21,live_2026-07-21,2026-08-26
SE2321000131-E000000001638,Närhälsan Björkekärr VC,Privat,False,"Stabbegatan 2 B, 41680, Göteborg",,57.7148755,12.0465805,14,1480,,14_SE2321000131-E000000001638,2026,2026,,,600,https://www.1177.se/hitta-vard/kontaktkort/Narhalsan-Bjorkekarr-vardcentral-Bjorkekarr/,,live_2026-07-21,2026-08-26
SE2321000131-E000000006727,Närhälsan Angered VC,Privat,True,"Halmtorget 1, 42465, Angered",,57.7971195,12.0479733,14,1480,,14_SE2321000131-E000000006727,2026,2026,,,0,https://www.1177.se/hitta-vard/kontaktkort/Narhalsan-Angered-vardcentral-Angered/,1177_hsa_2026-07-21,live_2026-07-21,2026-08-26
SE2321000131-E000000014497,Meliva Landvetter VC,Privat,False,"Milstensvägen 2, 438 35, Landvetter",,57.6876127,12.1982704,14,1401,,14_SE2321000131-E000000014497,2026,2026,,,80,https://www.1177.se/hitta-vard/kontaktkort/Meliva-Landvetter-vardcentral/,,live_2026-07-21,2026-08-26
SE2321000131-E000000014965,Medpro Clinic Åmål VC,Privat,True,"Södra Långgatan 3 B, 662 30, Åmål",,59.0491706,12.705137,14,1492,,14_SE2321000131-E000000014965,2026,2026,,,609,https://www.1177.se/hitta-vard/kontaktkort/Medpro-Clinic-Amal-Vardcentral/,1177_hsa_2026-07-21,live_2026-07-21,2026-08-26
SE2321000131-E000000014472,Medpro Clinic Lilla Edet VC,Privat,True,"Järnvägsgatan 8, 463 30, Lilla Edet",,58.1345641,12.1250791,14,1462,,14_SE2321000131-E000000014472,2026,2026,,,693,https://www.1177.se/hitta-vard/kontaktkort/Medpro-Clinic-Lilla-Edet-Vardcentral/,,live_2026-07-21,2026-08-26
SE2321000131-E000000014471,Medpro Clinic Brålanda-Torpa VC,Privat,False,"Torpavägen 23, 462 36, Vänersborg",,58.3676571,12.333768,14,1487,,14_SE2321000131-E000000014471,2026,2026,,,1621,https://www.1177.se/hitta-vard/kontaktkort/Medpro-Clinic-Bralanda-Torpa-Vardcentral/,,live_2026-07-21,2026-08-26
SE2321000131-E000000007505,Maria Alberts VC,Privat,False,"Djupebäcksgatan 21 C, 461 32, Trollhättan",0520-40 01 00,58.2834169,12.2919362,14,1488,,14_SE2321000131-E000000007505,2026,2026,3873,0.000258,161,https://www.1177.se/hitta-vard/kontaktkort/Maria-Alberts-Vardcentral-Trollhattan/,1177_hsa_2026-07-21,live_2026-07-21,2026-08-26
SE2321000206-E00848,Länsverksamhet Barn- och ungdomsmedicin,Region,False,,,63.28708746321792,18.709611048974516,22,2284,,22_SE2321000206-E00848,2026,2026,,,421,,,no_live_card_2026-07-21,2026-08-26
SE2321000131-E000000014695,Läkarhus Kyrkbyn,Privat,False,,,57.709083,11.9073573,14,1480,,14_SE2321000131-E000000014695,2026,2026,,,572,,,no_live_card_2026-07-21,2026-08-26
SE2321000032-5419,Kry BVC Nyköping,Region,False,,,58.7545409,17.0120656,04,0480,,04_SE2321000032-5419,2026,2026,,,0,,,no_live_card_2026-07-21,2026-08-26
SE2321000206-E00690,HC Västra,Region,False,,,63.0792386,16.8492586,22,2283,,22_SE2321000206-E00690,2026,2026,,,11,,,no_live_card_2026-07-21,2026-08-26
SE2321000198-021074,Harmångers HC,Privat,False,"Backvägen 3, 829 95 Harmånger",,61.9265437,17.2193718,21,2132,,21_SE2321000198-021074,2026,2026,,,229,https://www.1177.se/hitta-vard/kontaktkort/Harmangers-halsocentral/,1177_hsa_2026-07-21,live_2026-07-21,2026-08-26
SE2321000180-46M7,FC Ludvika,Privat,True,"Ludvika lasarett plan 5, Ludvika",,60.1559316,15.2038704,20,2085,,20_SE2321000180-46M7,2026,2026,,,263,https://www.1177.se/hitta-vard/kontaktkort/Familjecentral-Ludvika/,1177_hsa_2026-07-21,live_2026-07-21,2026-08-26
SE2321000180-533R,FC Leksand,Privat,True,"Parkgatan 10, Leksand",,60.7339091,14.9910313,20,2029,,20_SE2321000180-533R,2026,2026,,,777,https://www.1177.se/hitta-vard/kontaktkort/Familjecentral-Leksand/,1177_hsa_2026-07-21,live_2026-07-21,2026-08-26
SE2321000180-476S,FC Gagnef,Privat,True,"Skolvägen 1, Mockfjärd",,60.5083002,14.966726,20,2026,,20_SE2321000180-476S,2026,2026,,,524,https://www.1177.se/hitta-vard/kontaktkort/Familjecentral-Gagnef/,1177_hsa_2026-07-21,live_2026-07-21,2026-08-26
SE2321000180-529M,FC Elsborg,Privat,True,,,60.601746,15.626337,20,2080,,20_SE2321000180-529M,2026,2026,2686,0.000372,1907,,,no_live_card_2026-07-21,2026-08-26
SE2321000180-58G4,Falun Fam Britsarvet,Privat,True,,,60.621087,15.6237059,20,2080,,20_SE2321000180-58G4,2026,2026,,,26,,,no_live_card_2026-07-21,2026-08-26
SE2321000206-E00931,Doktor.se Sundsvalls,Privat,False,,,62.3885611,17.307883,22,2281,,22_SE2321000206-E00931,2026,2026,,,372,,,no_live_card_2026-07-21,2026-08-26
SE2321000131-E000000007517,Doktor se Adina Hälsans VC Nol,Privat,False,"Noltorget 12, 449 42, Nol",,57.9169542,12.0662854,14,1440,,14_SE2321000131-E000000007517,2026,2026,,,859,https://www.1177.se/hitta-vard/kontaktkort/Doktor-se-Adina-Halsans-vardcentral-Nol-Nol/,1177_hsa_2026-07-21,live_2026-07-21,2026-08-26
SE2321000131-E000000010548,Capio VC Strömstad,Privat,True,"Oslovägen 44, 452 35, Strömstad",,58.9447551,11.1860305,14,1486,,14_SE2321000131-E000000010548,2026,2026,938,0.001065,825,https://www.1177.se/hitta-vard/kontaktkort/Capio-Vardcentral-Stromstad-Stromstad/,1177_hsa_2026-07-21,live_2026-07-21,2026-08-26
SE2321000131-E000000007615,Capio VC Selma,Privat,False,"Selma Lagerlöfs torg 1, 422 62, Hisings Backa",,57.7503377,11.9821494,14,1480,,14_SE2321000131-E000000007615,2026,2026,,,1289,https://www.1177.se/hitta-vard/kontaktkort/Capio-Vardcentral-Selma-Hisings-Backa/,1177_hsa_2026-07-21,live_2026-07-21,2026-08-26
SE2321000131-E000000007497,Capio VC Lysekil,Privat,False,"Södra Hamngatan 4, 453 33, Lysekil",0523-45 92 00,58.2743434,11.438438,14,1484,,14_SE2321000131-E000000007497,2026,2026,728,0.001374,421,https://www.1177.se/hitta-vard/kontaktkort/Capio-Vardcentral-Lysekil-Lysekil/,1177_hsa_2026-07-21,live_2026-07-21,2026-08-26
SE2321000131-E000000007620,Capio VC Lundby,Privat,False,"Wieselgrensplatsen 19, 41739, Göteborg",,57.7211614,11.9368393,14,1480,,14_SE2321000131-E000000007620,2026,2026,,,0,https://www.1177.se/hitta-vard/kontaktkort/Capio-Vardcentral-Lundby-Lundby/,1177_hsa_2026-07-21,live_2026-07-21,2026-08-26
SE2321000131-E000000007666,Capio VC Hovås,Privat,False,"Hedtångsvägen 8, 436 53, Hovås",,57.598338,11.9498289,14,1480,,14_SE2321000131-E000000007666,2026,2026,,,928,https://www.1177.se/hitta-vard/kontaktkort/Capio-Vardcentral-Hovas-Askim/,1177_hsa_2026-07-21,live_2026-07-21,2026-08-26
SE2321000131-E000000007652,Capio VC Gårda,Privat,False,"Anders Personsgatan 12, 416 64, Göteborg",031-352 31 00,57.7106481,11.9952067,14,1480,,14_SE2321000131-E000000007652,2026,2026,20475,4.9e-05,379,https://www.1177.se/hitta-vard/kontaktkort/Capio-Vardcentral-Garda-Garda/,1177_hsa_2026-07-21,live_2026-07-21,2026-08-26
SE2321000131-E000000007619,Capio VC Amhult,Privat,True,"Flygfältsgatan 23, 42337, Torslanda",,57.7095428,11.7811716,14,1480,,14_SE2321000131-E000000007619,2026,2026,,,806,https://www.1177.se/hitta-vard/kontaktkort/Capio-Vardcentral-Torslanda-Torslanda/,1177_hsa_2026-07-21,live_2026-07-21,2026-08-26
SE2321000131-E000000009325,Capio VC Almö,Privat,False,"Myggenäsvägen 4 A, 471 60, Myggenäs",,58.0624569,11.7520333,14,1419,,14_SE2321000131-E000000009325,2026,2026,,,347,https://www.1177.se/hitta-vard/kontaktkort/Capio-Vardcentral-Almo-Myggenas/,1177_hsa_2026-07-21,live_2026-07-21,2026-08-26
SE2321000016-HMH5,Capio BVC Hovsjö,Privat,False,,,59.1784444,17.5969112,01,0181,,01_SE2321000016-HMH5,2026,2026,,,1455,,,no_live_card_2026-07-21,2026-08-26
SE2321000198-019908,Capio BVC Gävle,Privat,False,"Kaserngatan 48, 802 53 Gävle",026-450 48 96,60.6661045,17.1501072,21,2180,,21_SE2321000198-019908,2026,2026,,,0,https://www.1177.se/hitta-vard/kontaktkort/Capio-Halsocentral-Gavle/,1177_hsa_2026-07-21,live_2026-07-21,2026-08-26
SE2321000198-022708,Capio BVC Bomhus,Privat,False,"Solgårdsgatan 2, 804 30 Gävle",026-450 47 50,60.6743383,17.2144913,21,2180,,21_SE2321000198-022708,2026,2026,3347,0.000299,766,https://www.1177.se/hitta-vard/kontaktkort/Capio-Halsocentral-Bomhus/,1177_hsa_2026-07-21,live_2026-07-21,2026-08-26
SE162321000255-O17632,BVC Åkarp,Unknown,False,,,55.6551944,13.104449,12,1231,,12_SE162321000255-O17632,2026,2026,,,489,,,no_live_card_2026-07-21,2026-08-26
SE2321000164-13WC,BVC Praktikertjänst Backa VC,Privat,True,"Gammelbackavägen 4 D, Karlskoga",0586-24 42 00,59.3301442,14.5509717,18,1883,,18_SE2321000164-13WC,2026,2026,,,622,https://www.1177.se/hitta-vard/kontaktkort/Barnavardscentralen-BVC-Praktikertjanst-Backa-vardcentral/,1177_hsa_2026-07-21,live_2026-07-21,2026-08-26
SE162321000255-O28178,BVC Närlunda Helsingborg,Unknown,False,,,56.0341188,12.7217719,12,1283,,12_SE162321000255-O28178,2026,2026,,,0,,,no_live_card_2026-07-21,2026-08-26
SE2321000164-014TF,BVC Idun VC Storå,Privat,False,"Kopparbergsvägen 17, Storå",,59.7141507,15.1279255,18,1885,,18_SE2321000164-014TF,2026,2026,,,0,https://www.1177.se/hitta-vard/kontaktkort/Idun-vardcentral-Stora/,1177_hsa_2026-07-21,live_2026-07-21,2026-08-26
SE162321000255-O25848,BVC HMC Staffanstorp,Unknown,False,,,55.642739,13.211399,12,1230,,12_SE162321000255-O25848,2026,2026,,,1082,,osm_place:Staffanstorp,no_live_card_2026-07-21,2026-08-26
SE162321000255-O25865,BVC HMC Bjärred,Unknown,False,,,55.7221863,13.0216436,12,1262,,12_SE162321000255-O25865,2026,2026,,,0,,,no_live_card_2026-07-21,2026-08-26
SE2321000198-022310,BVC Harmånger Hälsingeläkarna,Region,True,,,62.1101140687351,16.71010055521521,21,2132,,21_SE2321000198-022310,2026,2026,,,33,,,no_live_card_2026-07-21,2026-08-26
SE2321000032-595S,BVC Frösjön Gnesta,Privat,True,"Västra Storgatan 16-18, Gnesta",,59.0510848,17.3045881,04,0461,,04_SE2321000032-595S,2026,2026,,,472,https://www.1177.se/hitta-vard/kontaktkort/Vardcentralen-Frosjon-Gnesta-Gnesta/,1177_hsa_2026-07-21,live_2026-07-21,2026-08-26
SE2321000164-014QQ,BVC Freja VC,Privat,True,,,59.59197867478193,15.255842385123024,18,1885,,18_SE2321000164-014QQ,2026,2026,,,131,,,identity_mismatch_2026-07-21,2026-08-26
SE2321000198-034994,BVC Bollnäs Aleris,Region,True,,,61.350008718170855,16.4333187986345,21,2183,,21_SE2321000198-034994,2026,2026,,,252,,,no_live_card_2026-07-21,2026-08-26
SE2321000198-041524,BVC Bergsjö Premicare,Region,True,,,62.109725614164695,16.718100734168083,21,2132,,21_SE2321000198-041524,2026,2026,,,15,,,no_live_card_2026-07-21,2026-08-26
SE2321000131-E000000007508,Brämhults VC,Privat,False,"Tvinnargatan 19, 507 30, Brämhult",,57.725921,13.004057,14,1490,,14_SE2321000131-E000000007508,2026,2026,,,311,https://www.1177.se/hitta-vard/kontaktkort/Bramhults-Vardcentral-Bramhult/,1177_hsa_2026-07-21,live_2026-07-21,2026-08-26
SE2321000131-E000000007499,Bräcke VC Vilan,Privat,False,"Axvallagatan 3, 532 37, Skara",,58.3859993,13.4544344,14,1495,,14_SE2321000131-E000000007499,2026,2026,,,1153,https://www.1177.se/hitta-vard/kontaktkort/Bracke-Vardcentral-Vilan-Skara/,1177_hsa_2026-07-21,live_2026-07-21,2026-08-26
SE2321000131-E000000014544,Borås VC,Privat,False,"Herrljungagatan 1, 506 30, Borås",033-323 20 40,57.7343601,12.9396308,14,1490,,14_SE2321000131-E000000014544,2026,2026,5402,0.000185,286,https://www.1177.se/hitta-vard/kontaktkort/Boras-Vardcentral/,1177_hsa_2026-07-21,live_2026-07-21,2026-08-26
SE2321000115-F51222,Barnavårdscentralen Hyltebruk,Region,False,,,56.9938570007375,13.2393223746927,13,1315,C,13_ADD26_F51222,,,,,338,https://www.1177.se/hitta-vard/kontaktkort/Barnavardscentralen-Hyltebruk/,1177_hsa_2026-07-26,live_2026-07-26,2026-08-26
SE2321000115-F69661,Barnavårdscentralen Torup,Region,False,,,56.9567857224482,13.0758326678053,13,1315,C,13_ADD26_F69661,,,,,173,https://www.1177.se/hitta-vard/kontaktkort/Barnavardscentralen-Torup/,1177_hsa_2026-07-26,live_2026-07-26,2026-08-26
SE2321000115-F38765,Barnavårdscentralen Unnaryd,Region,False,,,56.9555840588435,13.530941946538,13,1315,C,13_ADD26_F38765,,,,,127,https://www.1177.se/hitta-vard/kontaktkort/Barnavardscentralen-Unnaryd/,1177_hsa_2026-07-26,live_2026-07-26,2026-08-26
SE2321000222-0000354,Bjurholms hälsocentral,Region,False,,,63.9292859975118,19.206807709661,24,2403,C,24_ADD26_0000354,,,,,208,https://www.1177.se/hitta-vard/kontaktkort/Bjurholms-halsocentral/,1177_hsa_2026-07-26,live_2026-07-26,2026-08-26
SE2321000222-0241688,Vilhelmina sjukstuga hälsocentral,Region,False,,,64.625086471245,16.6623284989882,24,2462,C,24_ADD26_0241688,,,,,314,https://www.1177.se/hitta-vard/kontaktkort/Vilhelmina-sjukstuga-halsocentral/,1177_hsa_2026-07-26,live_2026-07-26,2026-08-26
SE2321000230-E00380,Pajala hälsocentral,Region,False,,,67.2236240526741,23.3429613285202,25,2521,C,25_ADD26_E00380,,,,,321,https://www.1177.se/hitta-vard/kontaktkort/Pajala-halsocentral/,1177_hsa_2026-07-26,live_2026-07-26,2026-08-26
